,topic_word,cover_term,women,men,count_w,count_m,Total,significance_Bonferroni_corrected
156,camp selections,camp selections,1.178236092,0.848726335,3522,1496,5018,FALSE
137,camp intake procedures,camp intake procedures,1.510126845,0.662196029,3525,1394,4919,TRUE
386,transfer from camps,transfer,1.119943676,0.892902046,2019,837,2856,FALSE
280,camp living conditions,camp living conditions,1.644908116,0.607936693,1983,642,2625,TRUE
125,mass murder awareness,mass murder awareness,1.133181573,0.882471109,1747,714,2461,FALSE
423,transfer to camps,transfer,1.111683094,0.899536932,1717,710,2427,FALSE
222,loved ones' separations,loved ones' separations,1.631921206,0.612774683,1786,570,2356,TRUE
81,camp food,food,1.274027347,0.784912508,1596,599,2195,TRUE
243,camp adaptation methods,adaptation methods,0.994195556,1.005838332,1319,586,1905,FALSE
141,camp first impressions,camp first impressions,0.932566692,1.072309368,1275,593,1868,FALSE
139,camp forced labor,camp forced labor,0.889738364,1.12392591,1230,592,1822,FALSE
251,camp Appell,camp Appell,2.074011808,0.482157332,1441,367,1808,TRUE
25,"Mengele, Josef","Mengele, Josef",1.704350089,0.586733915,1233,360,1593,TRUE
483,camp-related aid giving,aid giving,1.31113367,0.762698742,1159,416,1575,TRUE
287,camp housing conditions,camp living conditions,1.269584458,0.787659296,1121,412,1533,FALSE
40,prisoner tattoos (stills),tattoo,0.659990669,1.515172936,846,518,1364,TRUE
466,camp brutal treatment,violence,0.967931348,1.033131123,874,397,1271,FALSE
321,prisoner tattoos,tattoo,0.74479317,1.342654633,737,415,1152,TRUE
166,loved ones' fates,loved ones' fates,0.968762617,1.032244621,786,357,1143,FALSE
325,camp family interactions,family,1.529008927,0.654018418,799,246,1045,TRUE
198,extended family members,family,1.436422434,0.696174034,782,254,1036,TRUE
337,"transfers, means of transport",transportation,1.15373675,0.866748849,740,290,1030,FALSE
411,freight trains,transportation,1.0504381,0.951983748,707,300,1007,FALSE
478,beatings,violence,0.808910484,1.236230733,648,343,991,FALSE
64,SS/SD personnel,perpetrators,0.765283189,1.306705824,614,341,955,FALSE
174,camp social relations,social bonds,1.265185412,0.790397985,695,251,946,FALSE
145,loved ones' final contacts,loved ones' final contacts,1.225435535,0.816036398,679,252,931,FALSE
18,Block?lteste,kapos,2.218217706,0.450812378,732,160,892,TRUE
425,deportation to camps,deportation to camps,0.851029814,1.175046965,586,298,884,FALSE
37,Jewish prisoners,camp population,0.985795393,1.014409286,558,250,808,FALSE
202,camp punishments,camp punishments,1.218614719,0.820603908,563,209,772,FALSE
565,camp clothing,camp clothing,1.893438745,0.52813961,606,151,757,TRUE
288,camp sanitary conditions,camp living conditions,2.546199423,0.392742215,628,119,747,TRUE
203,camp procedures,camp procedures,1.152568785,0.867627176,488,190,678,FALSE
70,camp barracks,camp living conditions,0.958109851,1.043721655,448,206,654,FALSE
522,preferential treatment,preferential treatment,1.186809398,0.842595282,449,170,619,FALSE
545,camp prisoner physical conditions,physical condition,1.840093234,0.543450724,449,113,562,TRUE
286,camp diseases,camp diseases,1.985418766,0.50367208,428,100,528,TRUE
354,camp-related psychological reactions,camp-related psychological reactions,1.300297635,0.769054694,389,135,524,FALSE
276,camp food acquisition,camp food acquisition,0.959470055,1.042242012,359,165,524,FALSE
605,female prisoners,camp population,2.468745507,0.405064028,422,80,502,TRUE
122,forced marches,forced marches,0.988091451,1.012052072,342,153,495,FALSE
564,transfer procedures,transfer,1.996689914,0.500828893,389,90,479,TRUE
172,transfer conditions,transfer,0.958628875,1.043156561,326,150,476,FALSE
577,warnings,warnings,1.150767368,0.868985364,340,132,472,FALSE
489,sustenance provision,aid giving,1.183134524,0.845212425,341,129,470,FALSE
76,camp crematoria,camp crematoria,0.885875582,1.128826689,309,153,462,FALSE
215,camp daily services forced labor,camp forced labor,1.022787846,0.97771987,307,133,440,FALSE
594,camp children,camp children,0.680429623,1.469659706,267,169,436,FALSE
23,kapos,kapos,0.354865095,2.81797228,199,230,429,TRUE
400,survival explanations,survival explanations,0.901016542,1.109857537,285,139,424,FALSE
548,prisoner external contact,prisoner external contact,1.328399178,0.752785772,310,105,415,FALSE
21,Roma prisoners,camp population,0.477565018,2.093955718,218,192,410,TRUE
142,loved ones' renewed contacts,loved ones' renewed contacts,1.86354562,0.536611494,318,78,396,TRUE
282,camp shoes,camp clothing,1.099943221,0.909137836,272,110,382,FALSE
473,camp killings,killings,0.677255298,1.476548065,232,148,380,FALSE
262,Polish prisoners,camp population,1.23182353,0.811804594,278,101,379,FALSE
469,camp humiliation,camp humiliation,1.605465571,0.62287228,287,81,368,FALSE
292,camp environmental conditions,camp living conditions,2.337859363,0.427741726,305,60,365,TRUE
257,camp hiding and evasion,camp hiding and evasion,0.914729618,1.09321922,241,116,357,FALSE
642,camp showers,camp living conditions,1.55625635,0.642567659,272,79,351,FALSE
218,politico-military event awareness,politico-military event awareness,0.907596986,1.101810622,233,113,346,FALSE
240,Jewish kapos,kapos,1.219617482,0.819929211,243,89,332,FALSE
22,camp hospitals,camp medical care,1.405092404,0.711696965,247,79,326,FALSE
39,camp food sharing,camp food sharing,1.431541466,0.698547701,242,76,318,FALSE
597,Jewish prisoner functionaries,kapos,1.074038533,0.931065292,225,93,318,FALSE
658,perpetrator deceptions,deceptions,1.103322283,0.906353489,216,87,303,FALSE
551,camp corpses,corpses,0.870476126,1.148796584,200,101,301,FALSE
165,camp medical care,camp medical care,1.2363202,0.808851947,216,78,294,FALSE
74,camp uniforms,camp clothing,0.461373759,2.167440132,146,135,281,TRUE
528,camp personal property seizure,camp personal property seizure,0.318758557,3.137170678,121,159,280,TRUE
38,camp latrines,camp living conditions,1.44153375,0.693705576,212,66,278,FALSE
219,friends,friends,1.869290265,0.534962397,223,54,277,TRUE
296,camp stealing,camp stealing,1.171786121,0.853398058,200,76,276,FALSE
379,forced march conditions,forced marches,1.087713117,0.919360064,196,80,276,FALSE
223,camp deaths,deaths,1.3562985,0.737300823,206,68,274,FALSE
200,camp Jewish religious observances,religious_observances,1.563656901,0.639526484,212,61,273,FALSE
374,deportation from ghettos,deportation to camps,0.911938142,1.096565605,180,87,267,FALSE
196,camp executions,killings,0.736766947,1.357281301,167,99,266,FALSE
230,prisoners,camp population,0.906666458,1.10294143,179,87,266,FALSE
396,loved ones' contacts,loved ones' contacts,1.294388492,0.772565583,197,68,265,FALSE
164,Hungarian prisoners,camp population,1.043446805,0.958362224,186,79,265,FALSE
498,camp populations,camp population,0.699041616,1.430529995,162,101,263,FALSE
14,sisters,family,2.383782313,0.419501393,220,42,262,TRUE
353,Holocaust-related psychological reactions,psychological reactions,1.541467949,0.648732269,199,58,257,FALSE
205,camp hunger,food,1.200784956,0.832788582,186,69,255,FALSE
17,camp orchestras,camp orchestras,1.302775788,0.767591791,178,61,239,FALSE
209,personal property sorting forced labor,camp forced labor,1.992656628,0.501842609,194,44,238,TRUE
167,German soldiers,perpetrators,1.184511011,0.844230227,173,65,238,FALSE
204,camp suicides,suicides,0.947941663,1.054917237,161,75,236,FALSE
326,camp barter,barter,0.851942619,1.173787973,153,79,232,FALSE
77,death marches,death march,0.913257422,1.09498152,147,71,218,FALSE
157,age deceptions,deceptions,0.559380068,1.787693299,120,93,213,TRUE
246,prisoner functionaries,kapos,0.643501507,1.553997915,124,84,208,FALSE
297,perpetrator liberator-approach responses,perpetrator liberator-approach responses,0.830704443,1.203797582,136,72,208,FALSE
224,German camp guards,perpetrators,1.662531794,0.601492256,163,44,207,FALSE
159,forced labor conditions,camp forced labor,0.881469863,1.134468734,132,66,198,FALSE
99,camp medical experiments,camp medical care,1.018151223,0.98217237,138,60,198,FALSE
595,German camp personnel,perpetrators,1.447627569,0.690785407,149,46,195,FALSE
332,"deportations, means of transport",transportation,0.903226494,1.107142014,129,63,192,FALSE
28,camp quarantines,camp medical care,0.440844362,2.268374251,93,91,184,TRUE
349,camp mass executions,killings,0.565330661,1.768876285,104,80,184,FALSE
185,camp cultural activities,camp cultural activities,1.782835893,0.560904121,147,37,184,FALSE
270,Polish kapos,kapos,0.825,1.212121212,120,64,184,FALSE
350,bombardments,bombardments,0.867073408,1.153304888,122,62,184,FALSE
480,hangings,killings,0.572779878,1.745871388,104,79,183,FALSE
538,camp covert activities,camp covert activities,0.674221305,1.483192524,111,72,183,FALSE
547,camp covert communications,camp covert activities,1.232654452,0.811257363,133,48,181,FALSE
148,Holocaust faith issues,Holocaust faith issues,0.881787709,1.134059807,120,60,180,FALSE
614,camp corpse cremations,corpses,0.920933979,1.085854169,121,58,179,FALSE
316,quarry forced labor,camp forced labor,1.074091605,0.931019286,126,52,178,FALSE
124,camp rumors,camp rumors,1.531185509,0.65308873,137,40,177,FALSE
136,deportation conditions,deportation to camps,0.77969576,1.282551543,110,62,172,FALSE
134,deportation awareness,deportation to camps,0.858162355,1.165280665,111,57,168,FALSE
291,camp injuries,camp diseases,1.071016596,0.933692348,116,48,164,FALSE
267,camp liberation,liberation,0.934353829,1.070258364,110,52,162,FALSE
410,trains,transportation,1.394509507,0.717098015,122,39,161,FALSE
281,camp prisoner marking,tattoo,0.899201467,1.11209783,108,53,161,FALSE
83,gas chambers,mass murder awareness,1.11380832,0.897820552,113,45,158,FALSE
629,male prisoners,camp population,1.867076808,0.535596605,125,30,155,FALSE
660,post-World War II reflections,post-World War II reflections,0.838861039,1.192092556,99,52,151,FALSE
227,Yom Kippur,religious_observances,1.210638654,0.826010302,109,40,149,FALSE
407,camp thirst,food,3.03738527,0.329230542,128,19,147,TRUE
479,shootings,killings,0.901647175,1.109081277,96,47,143,FALSE
311,armament forced labor,camp forced labor,1.591807784,0.628216554,107,30,137,FALSE
639,Polish prisoner functionaries,kapos,1.246705484,0.802114062,101,36,137,FALSE
3,brothers,family,0.675014908,1.481448763,80,52,132,FALSE
168,Soviet soldiers,liberators,1.320745817,0.757147959,98,33,131,FALSE
657,twins in the camps,twins in the camps,0.693786537,1.441365531,79,50,129,FALSE
488,clothing provision,aid giving,1.938469532,0.515870889,104,24,128,FALSE
299,camp Jewish prayers,religious_observances,0.463865668,2.155796536,65,61,126,TRUE
45,deportation experiences,deportation to camps,0.915688713,1.092074179,85,41,126,FALSE
656,Sonderkommando prisoners,camp population,0.399746703,2.501584106,58,63,121,TRUE
579,transfer preparations,transfer,1.786174705,0.55985565,96,24,120,FALSE
289,camp time awareness,camp time awareness,1.767175926,0.565874617,95,24,119,FALSE
24,Lager?lteste,kapos,1.729203687,0.578300872,93,24,117,FALSE
27,prisoner doctors,camp medical care,1.414344366,0.707041385,89,28,117,FALSE
523,health deceptions,deceptions,1.381947966,0.723616247,87,28,115,FALSE
154,loved ones' togetherness decisions,loved ones' togetherness decisions,2.165667333,0.461751436,92,19,111,FALSE
238,camp prisoner insignia,tattoo,0.209042998,4.783704838,36,74,110,TRUE
106,Slovak prisoners,camp population,6.636496629,0.150681912,103,7,110,TRUE
129,tracing loved ones,tracing loved ones,0.94721871,1.055722389,75,35,110,FALSE
519,bereavement-related psychological reactions,psychological reactions,1.87069849,0.534559687,88,21,109,FALSE
358,post-conflict persecution site visits,post-conflict persecution site visits,0.568499,1.759018044,61,47,108,FALSE
405,transfer food,food,0.708022554,1.412384386,66,41,107,FALSE
269,German kapos,kapos,0.34575824,2.89219427,47,59,106,TRUE
492,hiding (aid giving),aid giving,1.44127603,0.69382962,81,25,106,FALSE
610,occupation deceptions,deceptions,0.065977831,15.15660613,14,90,104,TRUE
283,child killings,killings,1.464339755,0.682901626,79,24,103,FALSE
147,hiding valuables,camp hiding and evasion,0.896331003,1.115659279,69,34,103,FALSE
232,Jewish persecution bystander responses,bystanders,0.937552319,1.066607143,70,33,103,FALSE
71,corpse disposal forced labor,camp forced labor,0.394371574,2.535679714,48,53,101,TRUE
285,Czechoslovak prisoners,camp population,1.426636048,0.700949623,77,24,101,FALSE
309,factory forced labor,camp forced labor,0.783540548,1.276258137,64,36,100,FALSE
175,Greek prisoners,camp population,0.793556929,1.260149038,63,35,98,FALSE
654,human soap rumors,camp rumors,1.516743765,0.659307144,75,22,97,FALSE
173,camp guards,perpetrators,1.038001874,0.963389398,68,29,97,FALSE
163,loved ones' deaths,deaths,1.806551571,0.553540799,77,19,96,FALSE
2,camp personnel,perpetrators,1.075609833,0.929705149,68,28,96,FALSE
318,textiles and garment forced labor,camp forced labor,4.885065439,0.204705548,87,8,95,TRUE
335,typhus,camp diseases,2.555291884,0.391344725,80,14,94,FALSE
31,Stuben?lteste,kapos,1.857485251,0.538362283,75,18,93,FALSE
491,medical care provision,aid giving,1.082701602,0.923615517,66,27,93,FALSE
841,forced labor activities,camp forced labor,0.305602289,3.272226802,38,54,92,TRUE
372,transfer experiences,transfer,0.854429704,1.170371295,60,31,91,FALSE
724,attitudes,attitudes,0.562466503,1.777883651,50,39,89,FALSE
539,camp resistance,camp resistance,0.71226354,1.403974715,55,34,89,FALSE
310,agricultural forced labor,camp forced labor,0.868437684,1.151493099,59,30,89,FALSE
57,Soviet armed forces,liberators,0.811171612,1.232784759,57,31,88,FALSE
130,French prisoners,camp population,0.999575226,1.000424955,61,27,88,FALSE
665,aborted killings,killings,1.834514137,0.545103458,70,17,87,FALSE
72,camp doctors,camp medical care,0.503836008,1.984772792,46,40,86,FALSE
713,prisoner identification numbers,tattoo,0.469733267,2.128867744,44,41,85,FALSE
312,camp maintenance forced labor,camp forced labor,0.42678859,2.343080447,41,42,83,FALSE
263,Czech prisoners,camp population,2.198582791,0.454838455,69,14,83,FALSE
153,political prisoners,camp population,0.602620252,1.659419837,48,35,83,FALSE
472,forced march killings,killings,0.701825209,1.424856199,51,32,83,FALSE
482,aid giving,aid giving,0.995430522,1.004590454,54,24,78,FALSE
138,future message,future message,0.689980944,1.449315389,47,30,77,FALSE
587,transfer guards,perpetrators,1.039227138,0.962253547,54,23,77,FALSE
678,dog attacks,violence,2.63756773,0.379137183,65,11,76,FALSE
314,construction forced labor,camp forced labor,0.542357334,1.843802854,42,34,76,FALSE
158,camp liquidations,camp liquidations,0.784302226,1.275018694,48,27,75,FALSE
346,lice,camp living conditions,1.908017011,0.524104342,60,14,74,FALSE
613,forced correspondence,forced correspondence,1.054010163,0.948757455,50,21,71,FALSE
324,camp infestations,camp diseases,2.586158254,0.386673939,58,10,68,FALSE
525,psychological distress prevention,psychological reactions,2.077843872,0.481268113,56,12,68,FALSE
666,camp corpse disposal,corpses,0.990116011,1.009982657,47,21,68,FALSE
368,friendships,friends,1.682817513,0.594241498,53,14,67,FALSE
500,post-liberation camp/ghetto transition,post-liberation camp/ghetto transition,1.040138522,0.961410407,47,20,67,FALSE
212,personal services forced labor,camp food sharing,0.438404209,2.281,33,33,66,FALSE
683,camp blood extraction,camp medical care,3.699990554,0.27027096,58,7,65,FALSE
336,diseases,camp diseases,1.96523191,0.508845798,53,12,65,FALSE
403,language skills,language skills,0.786790399,1.270986531,41,23,64,FALSE
645,self-preservation acts,self-preservation acts,0.843220254,1.185929767,42,22,64,FALSE
412,passenger trains,transportation,2.574118913,0.388482441,52,9,61,FALSE
399,trauma-related dreams,psychological reactions,1.490341123,0.670987323,47,14,61,FALSE
655,attitudes toward prisoner functionaries,attitudes,1.246771978,0.802071283,45,16,61,FALSE
486,transfer-related aid giving,aid giving,0.977816824,1.022686433,42,19,61,FALSE
599,criminal kapos,kapos,0.119886327,8.341234797,13,47,60,TRUE
581,Jewish holiday awareness,religious_observances,1.330549451,0.75156921,45,15,60,FALSE
97,musical recitals,cultural cultural activities,1.093939355,0.914127457,42,17,59,FALSE
190,post-conflict medical problems,post-conflict medical problems,1.665659341,0.600362857,45,12,57,FALSE
208,platform forced labor,camp forced labor,0.282849462,3.535449543,22,34,56,TRUE
149,survivor guilt,psychological reactions,2.045680369,0.48883492,46,10,56,FALSE
8,grandmothers,family,3.055326903,0.327297219,48,7,55,FALSE
319,military fortification forced labor,camp forced labor,3.055326903,0.327297219,48,7,55,FALSE
692,electrocutions,deaths,1.590930726,0.62856288,43,12,55,FALSE
229,inter-Jewish relations,inter-Jewish relations,1.695665196,0.589739061,42,11,53,FALSE
355,liberation,liberation,0.790177593,1.265538291,34,19,53,FALSE
258,camp escape attempts,camp escapes,0.439264609,2.276532138,26,26,52,FALSE
13,Jewish religious holidays,religious_observances,0.513210715,1.948517386,28,24,52,FALSE
261,German prisoners,camp population,0.513210715,1.948517386,28,24,52,FALSE
485,forced march-related aid giving,aid giving,1.202576883,0.831547666,38,14,52,FALSE
43,International Red Cross,International Red Cross,1.092087173,0.915677819,37,15,52,FALSE
740,famous SS (Schutzstaffel) personnel,perpetrators,0.494773424,2.02112715,27,24,51,FALSE
294,camp sexual activities,camp sexual activities,1.441670325,0.693639858,39,12,51,FALSE
650,metaphysical experiences,metaphysical experiences,2.734057243,0.36575679,43,7,50,FALSE
207,non-Jewish prisoners,camp population,0.587402379,1.702410537,28,21,49,FALSE
371,forced march experiences,forced marches,0.760358847,1.315168494,31,18,49,FALSE
830,emotions,psychological reactions,0.884067499,1.13113535,32,16,48,FALSE
290,camp smuggling,camp covert activities,0.421104914,2.374705131,23,24,47,FALSE
521,transfer adaptation methods,adaptation methods,0.545206308,1.834168069,26,21,47,FALSE
247,loved ones' introductions,family,0.710991872,1.406485839,29,18,47,FALSE
9,helplessness,psychological reactions,1.158315484,0.863322656,34,13,47,FALSE
104,Jewish religious observances,religious_observances,0.686324599,1.457036512,28,18,46,FALSE
107,adaptation methods,adaptation methods,0.686324599,1.457036512,28,18,46,FALSE
573,testimony-sharing motivations,testimony sharing,1.255462983,0.796518904,34,12,46,FALSE
206,camp escapes,camp escapes,0.420426131,2.378539123,22,23,45,FALSE
176,Dutch prisoners,camp population,0.800659768,1.248969962,29,16,45,FALSE
609,medical forced labor,camp forced labor,1.508046481,0.663109534,34,10,44,FALSE
293,camp suicide attempts,suicides,3.292496709,0.303720881,37,5,42,FALSE
30,selections,camp selections,1.418715757,0.704862827,32,10,42,FALSE
533,road construction forced labor,camp forced labor,0.795183888,1.257570752,27,15,42,FALSE
397,shoe importance,camp clothing,0.795183888,1.257570752,27,15,42,FALSE
409,forced march food,food,0.76556504,1.306224747,26,15,41,FALSE
366,performing arts,camp cultural activities,0.76556504,1.306224747,26,15,41,FALSE
421,body searches,camp intake procedures,0.486663752,2.054806828,21,19,40,FALSE
449,siblings,family,0.661890177,1.510824657,24,16,40,FALSE
415,trucks,transportation,0.661890177,1.510824657,24,16,40,FALSE
514,waterway maintenance forced labor,camp forced labor,1.167482977,0.856543538,29,11,40,FALSE
376,forced march environmental conditions,forced marches,1.167482977,0.856543538,29,11,40,FALSE
279,camp bribery,camp covert activities,0.339439612,2.946032117,17,22,39,FALSE
140,identity concealment,self-preservation acts,0.463387978,2.158018868,20,19,39,FALSE
362,attitudes toward Germany and/or Germans,attitudes,0.513955692,1.945693017,21,18,39,FALSE
373,deportation from cities,deportation to camps,0.788918412,1.267558197,25,14,39,FALSE
575,escape decisions,camp escapes,0.334778856,2.987046471,16,21,37,FALSE
284,camp epidemics,camp diseases,1.902049757,0.525748602,30,7,37,FALSE
497,Soviet prisoners of war,camp population,0.145806076,6.858424726,9,27,36,TRUE
607,suicide discussions,suicides,2.754951797,0.362982758,31,5,36,FALSE
146,Holocaust testimony sharing reluctance,testimony sharing,0.781681136,1.279294016,23,13,36,FALSE
151,post-conflict adaptation,adaptation methods,1.329246935,0.752305665,27,9,36,FALSE
641,skilled forced labor,camp forced labor,0.129577146,7.717410269,8,27,35,TRUE
160,Soviet prisoners,camp population,0.370386547,2.699882075,16,19,35,FALSE
48,ghetto experiences,ghetto experience,0.588123862,1.700322101,20,15,35,FALSE
265,prisoners of war,camp population,0.588123862,1.700322101,20,15,35,FALSE
554,forced march corpses,corpses,0.662111937,1.51031864,21,14,35,FALSE
177,Italian prisoners,camp population,0.662111937,1.51031864,21,14,35,FALSE
531,forced march guards,perpetrators,1.279735415,0.781411523,26,9,35,FALSE
520,forced march adaptation methods,adaptation methods,0.847240449,1.180302476,23,12,35,FALSE
228,Rosh Ha-Shana,religious_observances,0.847240449,1.180302476,23,12,35,FALSE
323,camp sexual assaults,camp sexual activities,2.5760841,0.388186084,29,5,34,FALSE
679,suicide decisions,suicides,2.071235676,0.48280358,28,6,34,FALSE
556,forced march food acquisition,camp food acquisition,0.713396791,1.40174446,21,13,34,FALSE
213,family members,family,1.062174579,0.941464821,24,10,34,FALSE
6,German (language),language skills,0.598791833,1.670029457,19,14,33,FALSE
47,sabotage,camp resistance,1.646999969,0.607164553,26,7,33,FALSE
377,forced march escapes,camp escapes,1.017694663,0.982612994,23,10,33,FALSE
249,United States armed forces,liberators,0.567152533,1.7631941,18,14,32,FALSE
481,gassings,mass murder awareness,0.645172136,1.549973945,19,13,32,FALSE
56,forced labor companies,camp forced labor,0.736247723,1.358238496,20,12,32,FALSE
420,forced march routes,forced marches,0.736247723,1.358238496,20,12,32,FALSE
339,transfer deaths,deaths,0.277547458,3.602987421,12,19,31,FALSE
378,forced march deaths,deaths,0.41286845,2.422078995,15,16,31,FALSE
555,transfer food acquisition,camp food acquisition,0.803576751,1.244436202,20,11,31,FALSE
211,forestry forced labor,camp forced labor,1.773791293,0.563764184,24,6,30,FALSE
382,transfer environmental conditions,camp living conditions,1.773791293,0.563764184,24,6,30,FALSE
512,camp construction forced labor,camp forced labor,0.231188659,4.325471698,10,19,29,FALSE
578,escape discussions,camp escapes,0.411147493,2.432217188,14,15,29,FALSE
375,deportation family interactions,family,1.699511519,0.588404367,23,6,29,FALSE
351,attitudes toward perpetrators,attitudes,0.722903053,1.383311353,18,11,29,FALSE
708,prisoner tattoo removal,tattoo,1.392396364,0.718186305,22,7,29,FALSE
180,hiding,camp hiding and evasion,1.162139265,0.860482069,21,8,29,FALSE
684,first impressions,camp first impressions,0.983120826,1.017168972,20,9,29,FALSE
102,rabbis,religious_observances,0.119515046,8.367147356,6,22,28,TRUE
496,criminal prisoners,camp population,0.208024422,4.807127883,9,19,28,FALSE
846,fear,psychological reactions,2.040419948,0.490095189,23,5,28,FALSE
688,forced march shoes,camp clothing,0.588483657,1.699282533,16,12,28,FALSE
648,child deaths,deaths,0.933760684,1.070938215,19,9,28,FALSE
596,camp prayers,religious_observances,1.106557377,0.903703704,20,8,28,FALSE
630,Russian prisoners,camp population,0.352258346,2.83882557,12,15,27,FALSE
546,hospitals,camp medical care,1.951279248,0.512484311,22,5,27,FALSE
513,camp site destruction forced labor,camp forced labor,0.642299827,1.556905292,16,11,27,FALSE
626,German prisoner functionaries,kapos,0.642299827,1.556905292,16,11,27,FALSE
381,forced march physical condition,physical condition,0.440855522,2.268316832,13,13,26,FALSE
527,property seizure,camp personal property seizure,1.476867031,0.677109028,20,6,26,FALSE
131,food sharing,camp food sharing,0.995466463,1.004554184,18,8,26,FALSE
245,forced labor squads,camp food sharing,0.247396969,4.042086707,9,16,25,FALSE
328,non-Jewish kapos,kapos,0.346063949,2.889639335,11,14,25,FALSE
161,liberation physical condition,physical condition,0.561766982,1.780097499,14,11,25,FALSE
384,transfer physical condition,physical condition,1.402717075,0.712902137,19,6,25,FALSE
128,Jewish dietary laws,religious_observances,1.402717075,0.712902137,19,6,25,FALSE
710,burnings,mass murder awareness,0.939957405,1.063877996,17,8,25,FALSE
842,resistance activities,camp resistance,0.314534974,3.179296682,10,14,24,FALSE
477,roundups,camp Appell,0.618249291,1.617470518,14,10,24,FALSE
317,railroad forced labor,camp forced labor,0.736535662,1.35770751,15,9,24,FALSE
490,shelter provision,aid giving,1.328599519,0.752672258,18,6,24,FALSE
369,literary recitals,camp cultural activities,0.884472592,1.130617284,16,8,24,FALSE
300,camp Jewish religious texts,religious_observances,1.074767522,0.930433773,17,7,24,FALSE
302,camp Jewish religious objects,religious_observances,0.155051081,6.449487434,6,17,23,TRUE
100,police and security forces,perpetrators,0.28301975,3.533322327,9,14,23,FALSE
356,forced march liberation,liberation,1.595105965,0.626917598,18,5,23,FALSE
450,food,food,1.011324993,0.988801826,16,7,23,FALSE
120,family life,family,1.011324993,0.988801826,16,7,23,FALSE
338,deportation sanitary conditions,camp living conditions,1.011324993,0.988801826,16,7,23,FALSE
553,transfer corpses,corpses,0.251518266,3.975854383,8,14,22,FALSE
112,escape attempts,camp escapes,0.304941461,3.279317932,9,13,22,FALSE
231,mass execution coverups,mass murder awareness,0.367320974,2.722414646,10,12,22,FALSE
475,forced march executions,killings,0.529696705,1.887872796,12,10,22,FALSE
385,transfer sanitary conditions,camp living conditions,0.529696705,1.887872796,12,10,22,FALSE
10,hunger,food,0.638052282,1.567269687,13,9,22,FALSE
303,temporary identity concealment,self-preservation acts,0.638052282,1.567269687,13,9,22,FALSE
651,transfer social relations,social bonds,1.506159895,0.663940132,17,5,22,FALSE
264,Romanian prisoners,camp population,1.506159895,0.663940132,17,5,22,FALSE
633,injuries (stills),camp diseases,0.773575639,1.292698413,14,8,22,FALSE
352,Holocaust testimony sharing willingness,testimony sharing,0.773575639,1.292698413,14,8,22,FALSE
34,camp commandants,perpetrators,1.180461527,0.847126295,16,6,22,FALSE
275,food acquisition,camp food acquisition,1.180461527,0.847126295,16,6,22,FALSE
705,male kapos,kapos,0.270999983,3.690037129,8,13,21,FALSE
298,Jewish prayers,religious_observances,0.33051679,3.025564902,9,12,21,FALSE
408,transfer thirst,food,0.718163466,1.392440646,13,8,21,FALSE
448,post-liberation deaths,deaths,0.718163466,1.392440646,13,8,21,FALSE
95,medical care,camp medical care,1.417252675,0.705590483,16,5,21,FALSE
463,brutal treatment,violence,0.88452303,1.130552813,14,7,21,FALSE
66,Shabbat,religious_observances,1.106441048,0.903798717,15,6,21,FALSE
494,escapee capture,camp escapes,1.106441048,0.903798717,15,6,21,FALSE
62,Gestapo personnel,perpetrators,0.237073302,4.218104668,7,13,20,FALSE
558,corpses,corpses,0.539654838,1.853036292,11,9,20,FALSE
511,German forced labor civilian supervisors,kapos,0.662775475,1.508806584,12,8,20,FALSE
199,ghetto procedures,ghetto experience,0.821163559,1.21778419,13,7,20,FALSE
341,typhoid fever,camp diseases,0.821163559,1.21778419,13,7,20,FALSE
484,liberation-related aid giving,aid giving,1.328384279,0.752794214,15,5,20,FALSE
19,dwarf prisoners,camp population,0.397012647,2.518811446,9,10,19,FALSE
583,employment assistance,aid giving,0.490488307,2.038784585,10,9,19,FALSE
471,killings,killings,0.607411649,1.646329966,11,8,19,FALSE
192,working life,camp forced labor,0.607411649,1.646329966,11,8,19,FALSE
340,transfer escapes,camp escapes,0.757831738,1.31955413,12,7,19,FALSE
404,deportation food,food,1.239554682,0.806741336,14,5,19,FALSE
422,humor,psychological reactions,1.239554682,0.806741336,14,5,19,FALSE
598,mass execution survival,mass murder awareness,0.958497017,1.043300065,13,6,19,FALSE
79,camp covert economic activities,camp covert activities,0.220200479,4.54131618,6,12,18,FALSE
155,deportation deaths,deaths,0.441343218,2.265810277,9,9,18,FALSE
418,deportation routes,deportation to camps,0.441343218,2.265810277,9,9,18,FALSE
277,food and eating,food,0.694527549,1.439827695,11,7,18,FALSE
406,thirst,food,0.694527549,1.439827695,11,7,18,FALSE
78,deportation procedures,deportation to camps,0.884573424,1.130488407,12,6,18,FALSE
20,"Eichmann, Adolf",perpetrators,1.150763859,0.868988014,13,5,18,FALSE
313,secretarial forced labor,camp forced labor,1.150763859,0.868988014,13,5,18,FALSE
510,Polish civilian laborers,camp population,0.308653008,3.239884189,7,10,17,FALSE
574,interrogations,violence,0.631250974,1.584155972,10,7,17,FALSE
67,Allied armed forces,liberators,0.810682083,1.233529174,11,6,17,FALSE
697,political prisoner kapos,kapos,0.200237671,4.994065282,5,11,16,FALSE
115,United States soldiers,liberators,0.343117311,2.91445511,7,9,16,FALSE
210,prisoner hair cutting forced labor,camp forced labor,0.736822973,1.357178096,10,6,16,FALSE
470,punishments,camp punishments,0.38619769,2.589347443,7,8,15,FALSE
7,grandfathers,family,0.504780591,1.981058736,8,7,15,FALSE
162,Ukrainian prisoners,camp population,0.662996075,1.508304555,9,6,15,FALSE
586,rescue,aid giving,0.884623773,1.130424063,10,5,15,FALSE
93,ghetto living conditions,ghetto experience,0.884623773,1.130424063,10,5,15,FALSE
4,Christmas,camp time awareness,0.589201366,1.69721263,8,6,14,FALSE
308,forced labor civilian supervisors,kapos,0.589201366,1.69721263,8,6,14,FALSE
334,camp malnutrition,camp diseases,0.795987789,1.256300679,9,5,14,FALSE
235,non-violent resistance,camp resistance,0.795987789,1.256300679,9,5,14,FALSE
44,resistance fighters,camp resistance,0.275735294,3.626666667,5,8,13,FALSE
640,clothing (stills),camp clothing,0.378420446,2.642563343,6,7,13,FALSE
1,German armed forces,perpetrators,0.515438826,1.940094439,7,6,13,FALSE
643,social relations,social bonds,0.707390451,1.41364645,8,5,13,FALSE
345,coerced sexual activities,camp sexual activities,0.707390451,1.41364645,8,5,13,FALSE
638,camp barracks (stills),camp living conditions,0.315281668,3.171767029,5,7,12,FALSE
780,aid giving activities,aid giving,0.441708433,2.263936852,6,6,12,FALSE
305,grandparents,family,0.441708433,2.263936852,6,6,12,FALSE
5,farms,camp forced labor,0.441708433,2.263936852,6,6,12,FALSE
465,transfer brutal treatment,violence,0.618831735,1.615948154,7,5,12,FALSE
748,forced labor personnel,kapos,0.368010167,2.717316231,5,6,11,FALSE
255,teeth extraction forced labor,camp forced labor,0.530311615,1.885683761,6,5,11,FALSE
743,famous Nazi medical personnel,"Mengele, Josef",0.530311615,1.885683761,6,5,11,FALSE
635,camp brothels,camp sexual activities,0.530311615,1.885683761,6,5,11,FALSE
653,rumors,camp rumors,0.530311615,1.885683761,6,5,11,FALSE
201,camp education,camp cultural activities,0.530311615,1.885683761,6,5,11,FALSE
53,ghetto liquidations,ghetto experience,0.441830065,2.263313609,5,5,10,FALSE