,Unnamed: 0,topic_word,cover_term,women,men,count_w,count_m,Total,significance_Bonferroni_corrected,p_value,total
0,156,camp selections,camp selections,1.178236092,0.848726335,3522,1496,5018,FALSE,,
1,137,camp intake procedures,camp intake procedures,1.510126845,0.662196029,3525,1394,4919,TRUE,,
2,386,transfer from camps,transfer,1.119943676,0.892902046,2019,837,2856,FALSE,,
3,280,camp living conditions,camp living conditions,1.644908116,0.607936693,1983,642,2625,TRUE,,
4,125,mass murder awareness,mass murder awareness,1.133181573,0.882471109,1747,714,2461,FALSE,,
5,423,transfer to camps,transfer,1.111683094,0.899536932,1717,710,2427,FALSE,,
6,222,loved ones' separations,loved ones' separations,1.631921206,0.612774683,1786,570,2356,TRUE,,
7,81,camp food,food,1.274027347,0.784912508,1596,599,2195,TRUE,,
8,243,camp adaptation methods,adaptation methods,0.994195556,1.005838332,1319,586,1905,FALSE,,
9,141,camp first impressions,camp first impressions,0.932566692,1.072309368,1275,593,1868,FALSE,,
10,139,camp forced labor,camp forced labor,0.889738364,1.12392591,1230,592,1822,FALSE,,
11,251,camp Appell,camp Appell,2.074011808,0.482157332,1441,367,1808,TRUE,,
12,25,"Mengele, Josef","Mengele, Josef",1.704350089,0.586733915,1233,360,1593,TRUE,,
13,483,camp-related aid giving,aid giving,1.31113367,0.762698742,1159,416,1575,TRUE,,
14,287,camp housing conditions,camp living conditions,1.269584458,0.787659296,1121,412,1533,FALSE,,
15,40,prisoner tattoos (stills),tattoo,0.659990669,1.515172936,846,518,1364,TRUE,,
16,466,camp brutal treatment,violence,0.967931348,1.033131123,874,397,1271,FALSE,,
17,321,prisoner tattoos,tattoo,0.74479317,1.342654633,737,415,1152,TRUE,,
18,166,loved ones' fates,loved ones' fates,0.968762617,1.032244621,786,357,1143,FALSE,,
19,325,camp family interactions,family,1.529008927,0.654018418,799,246,1045,TRUE,,
20,198,extended family members,family,1.436422434,0.696174034,782,254,1036,TRUE,,
21,337,"transfers, means of transport",transportation,1.15373675,0.866748849,740,290,1030,FALSE,,
22,411,freight trains,transportation,1.0504381,0.951983748,707,300,1007,FALSE,,
23,478,beatings,violence,0.808910484,1.236230733,648,343,991,FALSE,,
24,64,SS/SD personnel,perpetrators,0.765283189,1.306705824,614,341,955,FALSE,,
25,174,camp social relations,social bonds,1.265185412,0.790397985,695,251,946,FALSE,,
26,145,loved ones' final contacts,loved ones' final contacts,1.225435535,0.816036398,679,252,931,FALSE,,
27,18,Block?lteste,kapos,2.218217706,0.450812378,732,160,892,TRUE,,
28,425,deportation to camps,deportation to camps,0.851029814,1.175046965,586,298,884,FALSE,,
29,37,Jewish prisoners,camp population,0.985795393,1.014409286,558,250,808,FALSE,,
30,202,camp punishments,camp punishments,1.218614719,0.820603908,563,209,772,FALSE,,
31,565,camp clothing,camp clothing,1.893438745,0.52813961,606,151,757,TRUE,,
32,288,camp sanitary conditions,camp living conditions,2.546199423,0.392742215,628,119,747,TRUE,,
33,203,camp procedures,camp procedures,1.152568785,0.867627176,488,190,678,FALSE,,
34,70,camp barracks,camp living conditions,0.958109851,1.043721655,448,206,654,FALSE,,
35,522,preferential treatment,preferential treatment,1.186809398,0.842595282,449,170,619,FALSE,,
36,545,camp prisoner physical conditions,physical condition,1.840093234,0.543450724,449,113,562,TRUE,,
37,286,camp diseases,camp diseases,1.985418766,0.50367208,428,100,528,TRUE,,
38,354,camp-related psychological reactions,camp-related psychological reactions,1.300297635,0.769054694,389,135,524,FALSE,,
39,276,camp food acquisition,camp food acquisition,0.959470055,1.042242012,359,165,524,FALSE,,
40,605,female prisoners,camp population,2.468745507,0.405064028,422,80,502,TRUE,,
41,122,forced marches,forced marches,0.988091451,1.012052072,342,153,495,FALSE,,
42,564,transfer procedures,transfer,1.996689914,0.500828893,389,90,479,TRUE,,
43,172,transfer conditions,transfer,0.958628875,1.043156561,326,150,476,FALSE,,
44,577,warnings,warnings,1.150767368,0.868985364,340,132,472,FALSE,,
45,489,sustenance provision,aid giving,1.183134524,0.845212425,341,129,470,FALSE,,
46,76,camp crematoria,camp crematoria,0.885875582,1.128826689,309,153,462,FALSE,,
47,215,camp daily services forced labor,camp forced labor,1.022787846,0.97771987,307,133,440,FALSE,,
48,594,camp children,camp children,0.680429623,1.469659706,267,169,436,FALSE,,
49,23,kapos,kapos,0.354865095,2.81797228,199,230,429,TRUE,,
50,400,survival explanations,survival explanations,0.901016542,1.109857537,285,139,424,FALSE,,
51,548,prisoner external contact,prisoner external contact,1.328399178,0.752785772,310,105,415,FALSE,,
52,21,Roma prisoners,camp population,0.477565018,2.093955718,218,192,410,TRUE,,
53,142,loved ones' renewed contacts,loved ones' renewed contacts,1.86354562,0.536611494,318,78,396,TRUE,,
54,282,camp shoes,camp clothing,1.099943221,0.909137836,272,110,382,FALSE,,
55,473,camp killings,killings,0.677255298,1.476548065,232,148,380,FALSE,,
56,262,Polish prisoners,camp population,1.23182353,0.811804594,278,101,379,FALSE,,
57,469,camp humiliation,camp humiliation,1.605465571,0.62287228,287,81,368,FALSE,,
58,292,camp environmental conditions,camp living conditions,2.337859363,0.427741726,305,60,365,TRUE,,
59,257,camp hiding and evasion,camp hiding and evasion,0.914729618,1.09321922,241,116,357,FALSE,,
60,642,camp showers,camp living conditions,1.55625635,0.642567659,272,79,351,FALSE,,
61,218,politico-military event awareness,politico-military event awareness,0.907596986,1.101810622,233,113,346,FALSE,,
62,240,Jewish kapos,kapos,1.219617482,0.819929211,243,89,332,FALSE,,
63,22,camp hospitals,camp medical care,1.405092404,0.711696965,247,79,326,FALSE,,
64,39,camp food sharing,camp food sharing,1.431541466,0.698547701,242,76,318,FALSE,,
65,597,Jewish prisoner functionaries,kapos,1.074038533,0.931065292,225,93,318,FALSE,,
66,658,perpetrator deceptions,deceptions,1.103322283,0.906353489,216,87,303,FALSE,,
67,551,camp corpses,corpses,0.870476126,1.148796584,200,101,301,FALSE,,
68,165,camp medical care,camp medical care,1.2363202,0.808851947,216,78,294,FALSE,,
69,74,camp uniforms,camp clothing,0.461373759,2.167440132,146,135,281,TRUE,,
70,528,camp personal property seizure,camp personal property seizure,0.318758557,3.137170678,121,159,280,TRUE,,
71,38,camp latrines,camp living conditions,1.44153375,0.693705576,212,66,278,FALSE,,
72,219,friends,friends,1.869290265,0.534962397,223,54,277,TRUE,,
73,296,camp stealing,camp stealing,1.171786121,0.853398058,200,76,276,FALSE,,
74,379,forced march conditions,forced marches,1.087713117,0.919360064,196,80,276,FALSE,,
75,223,camp deaths,deaths,1.3562985,0.737300823,206,68,274,FALSE,,
76,200,camp Jewish religious observances,religious_observances,1.563656901,0.639526484,212,61,273,FALSE,,
77,374,deportation from ghettos,deportation to camps,0.911938142,1.096565605,180,87,267,FALSE,,
78,196,camp executions,killings,0.736766947,1.357281301,167,99,266,FALSE,,
79,230,prisoners,camp population,0.906666458,1.10294143,179,87,266,FALSE,,
80,396,loved ones' contacts,loved ones' contacts,1.294388492,0.772565583,197,68,265,FALSE,,
81,164,Hungarian prisoners,camp population,1.043446805,0.958362224,186,79,265,FALSE,,
82,498,camp populations,camp population,0.699041616,1.430529995,162,101,263,FALSE,,
83,14,sisters,family,2.383782313,0.419501393,220,42,262,TRUE,,
84,353,Holocaust-related psychological reactions,psychological reactions,1.541467949,0.648732269,199,58,257,FALSE,,
85,205,camp hunger,food,1.200784956,0.832788582,186,69,255,FALSE,,
86,17,camp orchestras,camp orchestras,1.302775788,0.767591791,178,61,239,FALSE,,
87,209,personal property sorting forced labor,camp forced labor,1.992656628,0.501842609,194,44,238,TRUE,,
88,167,German soldiers,perpetrators,1.184511011,0.844230227,173,65,238,FALSE,,
89,204,camp suicides,suicides,0.947941663,1.054917237,161,75,236,FALSE,,
90,326,camp barter,barter,0.851942619,1.173787973,153,79,232,FALSE,,
91,77,death marches,death march,0.913257422,1.09498152,147,71,218,FALSE,,
92,157,age deceptions,deceptions,0.559380068,1.787693299,120,93,213,TRUE,,
93,246,prisoner functionaries,kapos,0.643501507,1.553997915,124,84,208,FALSE,,
94,297,perpetrator liberator-approach responses,perpetrator liberator-approach responses,0.830704443,1.203797582,136,72,208,FALSE,,
95,224,German camp guards,perpetrators,1.662531794,0.601492256,163,44,207,FALSE,,
96,159,forced labor conditions,camp forced labor,0.881469863,1.134468734,132,66,198,FALSE,,
97,99,camp medical experiments,camp medical care,1.018151223,0.98217237,138,60,198,FALSE,,
98,595,German camp personnel,perpetrators,1.447627569,0.690785407,149,46,195,FALSE,,
99,332,"deportations, means of transport",transportation,0.903226494,1.107142014,129,63,192,FALSE,,
100,28,camp quarantines,camp medical care,0.440844362,2.268374251,93,91,184,TRUE,,
101,349,camp mass executions,killings,0.565330661,1.768876285,104,80,184,FALSE,,
102,185,camp cultural activities,camp cultural activities,1.782835893,0.560904121,147,37,184,FALSE,,
103,270,Polish kapos,kapos,0.825,1.212121212,120,64,184,FALSE,,
104,350,bombardments,bombardments,0.867073408,1.153304888,122,62,184,FALSE,,
105,480,hangings,killings,0.572779878,1.745871388,104,79,183,FALSE,,
106,538,camp covert activities,camp covert activities,0.674221305,1.483192524,111,72,183,FALSE,,
107,547,camp covert communications,camp covert activities,1.232654452,0.811257363,133,48,181,FALSE,,
108,148,Holocaust faith issues,Holocaust faith issues,0.881787709,1.134059807,120,60,180,FALSE,,
109,614,camp corpse cremations,corpses,0.920933979,1.085854169,121,58,179,FALSE,,
110,316,quarry forced labor,camp forced labor,1.074091605,0.931019286,126,52,178,FALSE,,
111,124,camp rumors,camp rumors,1.531185509,0.65308873,137,40,177,FALSE,,
112,136,deportation conditions,deportation to camps,0.77969576,1.282551543,110,62,172,FALSE,,
113,134,deportation awareness,deportation to camps,0.858162355,1.165280665,111,57,168,FALSE,,
114,291,camp injuries,camp diseases,1.071016596,0.933692348,116,48,164,FALSE,,
115,267,camp liberation,liberation,0.934353829,1.070258364,110,52,162,FALSE,,
116,410,trains,transportation,1.394509507,0.717098015,122,39,161,FALSE,,
117,281,camp prisoner marking,tattoo,0.899201467,1.11209783,108,53,161,FALSE,,
118,83,gas chambers,mass murder awareness,1.11380832,0.897820552,113,45,158,FALSE,,
119,629,male prisoners,camp population,1.867076808,0.535596605,125,30,155,FALSE,,
120,660,post-World War II reflections,post-World War II reflections,0.838861039,1.192092556,99,52,151,FALSE,,
121,227,Yom Kippur,religious_observances,1.210638654,0.826010302,109,40,149,FALSE,,
122,407,camp thirst,food,3.03738527,0.329230542,128,19,147,TRUE,,
123,479,shootings,killings,0.901647175,1.109081277,96,47,143,FALSE,,
124,311,armament forced labor,camp forced labor,1.591807784,0.628216554,107,30,137,FALSE,,
125,639,Polish prisoner functionaries,kapos,1.246705484,0.802114062,101,36,137,FALSE,,
126,3,brothers,family,0.675014908,1.481448763,80,52,132,FALSE,,
127,168,Soviet soldiers,liberators,1.320745817,0.757147959,98,33,131,FALSE,,
128,657,twins in the camps,twins in the camps,0.693786537,1.441365531,79,50,129,FALSE,,
129,488,clothing provision,aid giving,1.938469532,0.515870889,104,24,128,FALSE,,
130,299,camp Jewish prayers,religious_observances,0.463865668,2.155796536,65,61,126,TRUE,,
131,45,deportation experiences,deportation to camps,0.915688713,1.092074179,85,41,126,FALSE,,
132,656,Sonderkommando prisoners,camp population,0.399746703,2.501584106,58,63,121,TRUE,,
133,579,transfer preparations,transfer,1.786174705,0.55985565,96,24,120,FALSE,,
134,289,camp time awareness,camp time awareness,1.767175926,0.565874617,95,24,119,FALSE,,
135,24,Lager?lteste,kapos,1.729203687,0.578300872,93,24,117,FALSE,,
136,27,prisoner doctors,camp medical care,1.414344366,0.707041385,89,28,117,FALSE,,
137,523,health deceptions,deceptions,1.381947966,0.723616247,87,28,115,FALSE,,
138,154,loved ones' togetherness decisions,loved ones' togetherness decisions,2.165667333,0.461751436,92,19,111,FALSE,,
139,238,camp prisoner insignia,tattoo,0.209042998,4.783704838,36,74,110,TRUE,,
140,106,Slovak prisoners,camp population,6.636496629,0.150681912,103,7,110,TRUE,,
141,129,tracing loved ones,tracing loved ones,0.94721871,1.055722389,75,35,110,FALSE,,
142,519,bereavement-related psychological reactions,psychological reactions,1.87069849,0.534559687,88,21,109,FALSE,,
143,358,post-conflict persecution site visits,post-conflict persecution site visits,0.568499,1.759018044,61,47,108,FALSE,,
144,405,transfer food,food,0.708022554,1.412384386,66,41,107,FALSE,,
145,269,German kapos,kapos,0.34575824,2.89219427,47,59,106,TRUE,,
146,492,hiding (aid giving),aid giving,1.44127603,0.69382962,81,25,106,FALSE,,
147,610,occupation deceptions,deceptions,0.065977831,15.15660613,14,90,104,TRUE,,
148,283,child killings,killings,1.464339755,0.682901626,79,24,103,FALSE,,
149,147,hiding valuables,camp hiding and evasion,0.896331003,1.115659279,69,34,103,FALSE,,
150,232,Jewish persecution bystander responses,bystanders,0.937552319,1.066607143,70,33,103,FALSE,,
151,71,corpse disposal forced labor,camp forced labor,0.394371574,2.535679714,48,53,101,TRUE,,
152,285,Czechoslovak prisoners,camp population,1.426636048,0.700949623,77,24,101,FALSE,,
153,309,factory forced labor,camp forced labor,0.783540548,1.276258137,64,36,100,FALSE,,
154,175,Greek prisoners,camp population,0.793556929,1.260149038,63,35,98,FALSE,,
155,654,human soap rumors,camp rumors,1.516743765,0.659307144,75,22,97,FALSE,,
156,173,camp guards,perpetrators,1.038001874,0.963389398,68,29,97,FALSE,,
157,163,loved ones' deaths,deaths,1.806551571,0.553540799,77,19,96,FALSE,,
158,2,camp personnel,perpetrators,1.075609833,0.929705149,68,28,96,FALSE,,
159,318,textiles and garment forced labor,camp forced labor,4.885065439,0.204705548,87,8,95,TRUE,,
160,335,typhus,camp diseases,2.555291884,0.391344725,80,14,94,FALSE,,
161,31,Stuben?lteste,kapos,1.857485251,0.538362283,75,18,93,FALSE,,
162,491,medical care provision,aid giving,1.082701602,0.923615517,66,27,93,FALSE,,
163,841,forced labor activities,camp forced labor,0.305602289,3.272226802,38,54,92,TRUE,,
164,372,transfer experiences,transfer,0.854429704,1.170371295,60,31,91,FALSE,,
165,724,attitudes,attitudes,0.562466503,1.777883651,50,39,89,FALSE,,
166,539,camp resistance,camp resistance,0.71226354,1.403974715,55,34,89,FALSE,,
167,310,agricultural forced labor,camp forced labor,0.868437684,1.151493099,59,30,89,FALSE,,
168,57,Soviet armed forces,liberators,0.811171612,1.232784759,57,31,88,FALSE,,
169,130,French prisoners,camp population,0.999575226,1.000424955,61,27,88,FALSE,,
170,665,aborted killings,killings,1.834514137,0.545103458,70,17,87,FALSE,,
171,72,camp doctors,camp medical care,0.503836008,1.984772792,46,40,86,FALSE,,
172,713,prisoner identification numbers,tattoo,0.469733267,2.128867744,44,41,85,FALSE,,
173,312,camp maintenance forced labor,camp forced labor,0.42678859,2.343080447,41,42,83,FALSE,,
174,263,Czech prisoners,camp population,2.198582791,0.454838455,69,14,83,FALSE,,
175,153,political prisoners,camp population,0.602620252,1.659419837,48,35,83,FALSE,,
176,472,forced march killings,killings,0.701825209,1.424856199,51,32,83,FALSE,,
177,482,aid giving,aid giving,0.995430522,1.004590454,54,24,78,FALSE,,
178,138,future message,future message,0.689980944,1.449315389,47,30,77,FALSE,,
179,587,transfer guards,perpetrators,1.039227138,0.962253547,54,23,77,FALSE,,
180,678,dog attacks,violence,2.63756773,0.379137183,65,11,76,FALSE,,
181,314,construction forced labor,camp forced labor,0.542357334,1.843802854,42,34,76,FALSE,,
182,158,camp liquidations,camp liquidations,0.784302226,1.275018694,48,27,75,FALSE,,
183,346,lice,camp living conditions,1.908017011,0.524104342,60,14,74,FALSE,,
184,613,forced correspondence,forced correspondence,1.054010163,0.948757455,50,21,71,FALSE,,
185,324,camp infestations,camp diseases,2.586158254,0.386673939,58,10,68,FALSE,,
186,525,psychological distress prevention,psychological reactions,2.077843872,0.481268113,56,12,68,FALSE,,
187,666,camp corpse disposal,corpses,0.990116011,1.009982657,47,21,68,FALSE,,
188,368,friendships,friends,1.682817513,0.594241498,53,14,67,FALSE,,
189,500,post-liberation camp/ghetto transition,post-liberation camp/ghetto transition,1.040138522,0.961410407,47,20,67,FALSE,,
190,212,personal services forced labor,camp food sharing,0.438404209,2.281,33,33,66,FALSE,,
191,683,camp blood extraction,camp medical care,3.699990554,0.27027096,58,7,65,FALSE,,
192,336,diseases,camp diseases,1.96523191,0.508845798,53,12,65,FALSE,,
193,403,language skills,language skills,0.786790399,1.270986531,41,23,64,FALSE,,
194,645,self-preservation acts,self-preservation acts,0.843220254,1.185929767,42,22,64,FALSE,,
195,412,passenger trains,transportation,2.574118913,0.388482441,52,9,61,FALSE,,
196,399,trauma-related dreams,psychological reactions,1.490341123,0.670987323,47,14,61,FALSE,,
197,655,attitudes toward prisoner functionaries,attitudes,1.246771978,0.802071283,45,16,61,FALSE,,
198,486,transfer-related aid giving,aid giving,0.977816824,1.022686433,42,19,61,FALSE,,
199,599,criminal kapos,kapos,0.119886327,8.341234797,13,47,60,TRUE,,
200,581,Jewish holiday awareness,religious_observances,1.330549451,0.75156921,45,15,60,FALSE,,
201,97,musical recitals,cultural cultural activities,1.093939355,0.914127457,42,17,59,FALSE,,
202,190,post-conflict medical problems,post-conflict medical problems,1.665659341,0.600362857,45,12,57,FALSE,,
203,208,platform forced labor,camp forced labor,0.282849462,3.535449543,22,34,56,TRUE,,
204,149,survivor guilt,psychological reactions,2.045680369,0.48883492,46,10,56,FALSE,,
205,8,grandmothers,family,3.055326903,0.327297219,48,7,55,FALSE,,
206,319,military fortification forced labor,camp forced labor,3.055326903,0.327297219,48,7,55,FALSE,,
207,692,electrocutions,deaths,1.590930726,0.62856288,43,12,55,FALSE,,
208,229,inter-Jewish relations,inter-Jewish relations,1.695665196,0.589739061,42,11,53,FALSE,,
209,355,liberation,liberation,0.790177593,1.265538291,34,19,53,FALSE,,
210,258,camp escape attempts,camp escapes,0.439264609,2.276532138,26,26,52,FALSE,,
211,13,Jewish religious holidays,religious_observances,0.513210715,1.948517386,28,24,52,FALSE,,
212,261,German prisoners,camp population,0.513210715,1.948517386,28,24,52,FALSE,,
213,485,forced march-related aid giving,aid giving,1.202576883,0.831547666,38,14,52,FALSE,,
214,43,International Red Cross,International Red Cross,1.092087173,0.915677819,37,15,52,FALSE,,
215,740,famous SS (Schutzstaffel) personnel,perpetrators,0.494773424,2.02112715,27,24,51,FALSE,,
216,294,camp sexual activities,camp sexual activities,1.441670325,0.693639858,39,12,51,FALSE,,
217,650,metaphysical experiences,metaphysical experiences,2.734057243,0.36575679,43,7,50,FALSE,,
218,207,non-Jewish prisoners,camp population,0.587402379,1.702410537,28,21,49,FALSE,,
219,371,forced march experiences,forced marches,0.760358847,1.315168494,31,18,49,FALSE,,
220,830,emotions,psychological reactions,0.884067499,1.13113535,32,16,48,FALSE,,
221,290,camp smuggling,camp covert activities,0.421104914,2.374705131,23,24,47,FALSE,,
222,521,transfer adaptation methods,adaptation methods,0.545206308,1.834168069,26,21,47,FALSE,,
223,247,loved ones' introductions,family,0.710991872,1.406485839,29,18,47,FALSE,,
224,9,helplessness,psychological reactions,1.158315484,0.863322656,34,13,47,FALSE,,
225,104,Jewish religious observances,religious_observances,0.686324599,1.457036512,28,18,46,FALSE,,
226,107,adaptation methods,adaptation methods,0.686324599,1.457036512,28,18,46,FALSE,,
227,573,testimony-sharing motivations,testimony sharing,1.255462983,0.796518904,34,12,46,FALSE,,
228,206,camp escapes,camp escapes,0.420426131,2.378539123,22,23,45,FALSE,,
229,176,Dutch prisoners,camp population,0.800659768,1.248969962,29,16,45,FALSE,,
230,609,medical forced labor,camp forced labor,1.508046481,0.663109534,34,10,44,FALSE,,
231,293,camp suicide attempts,suicides,3.292496709,0.303720881,37,5,42,FALSE,,
232,30,selections,camp selections,1.418715757,0.704862827,32,10,42,FALSE,,
233,533,road construction forced labor,camp forced labor,0.795183888,1.257570752,27,15,42,FALSE,,
234,397,shoe importance,camp clothing,0.795183888,1.257570752,27,15,42,FALSE,,
235,409,forced march food,food,0.76556504,1.306224747,26,15,41,FALSE,,
236,366,performing arts,camp cultural activities,0.76556504,1.306224747,26,15,41,FALSE,,
237,421,body searches,camp intake procedures,0.486663752,2.054806828,21,19,40,FALSE,,
238,449,siblings,family,0.661890177,1.510824657,24,16,40,FALSE,,
239,415,trucks,transportation,0.661890177,1.510824657,24,16,40,FALSE,,
240,514,waterway maintenance forced labor,camp forced labor,1.167482977,0.856543538,29,11,40,FALSE,,
241,376,forced march environmental conditions,forced marches,1.167482977,0.856543538,29,11,40,FALSE,,
242,279,camp bribery,camp covert activities,0.339439612,2.946032117,17,22,39,FALSE,,
243,140,identity concealment,self-preservation acts,0.463387978,2.158018868,20,19,39,FALSE,,
244,362,attitudes toward Germany and/or Germans,attitudes,0.513955692,1.945693017,21,18,39,FALSE,,
245,373,deportation from cities,deportation to camps,0.788918412,1.267558197,25,14,39,FALSE,,
246,575,escape decisions,camp escapes,0.334778856,2.987046471,16,21,37,FALSE,,
247,284,camp epidemics,camp diseases,1.902049757,0.525748602,30,7,37,FALSE,,
248,497,Soviet prisoners of war,camp population,0.145806076,6.858424726,9,27,36,TRUE,,
249,607,suicide discussions,suicides,2.754951797,0.362982758,31,5,36,FALSE,,
250,146,Holocaust testimony sharing reluctance,testimony sharing,0.781681136,1.279294016,23,13,36,FALSE,,
251,151,post-conflict adaptation,adaptation methods,1.329246935,0.752305665,27,9,36,FALSE,,
252,641,skilled forced labor,camp forced labor,0.129577146,7.717410269,8,27,35,TRUE,,
253,160,Soviet prisoners,camp population,0.370386547,2.699882075,16,19,35,FALSE,,
254,48,ghetto experiences,ghetto experience,0.588123862,1.700322101,20,15,35,FALSE,,
255,265,prisoners of war,camp population,0.588123862,1.700322101,20,15,35,FALSE,,
256,554,forced march corpses,corpses,0.662111937,1.51031864,21,14,35,FALSE,,
257,177,Italian prisoners,camp population,0.662111937,1.51031864,21,14,35,FALSE,,
258,531,forced march guards,perpetrators,1.279735415,0.781411523,26,9,35,FALSE,,
259,520,forced march adaptation methods,adaptation methods,0.847240449,1.180302476,23,12,35,FALSE,,
260,228,Rosh Ha-Shana,religious_observances,0.847240449,1.180302476,23,12,35,FALSE,,
261,323,camp sexual assaults,camp sexual activities,2.5760841,0.388186084,29,5,34,FALSE,,
262,679,suicide decisions,suicides,2.071235676,0.48280358,28,6,34,FALSE,,
263,556,forced march food acquisition,camp food acquisition,0.713396791,1.40174446,21,13,34,FALSE,,
264,213,family members,family,1.062174579,0.941464821,24,10,34,FALSE,,
265,6,German (language),language skills,0.598791833,1.670029457,19,14,33,FALSE,,
266,47,sabotage,camp resistance,1.646999969,0.607164553,26,7,33,FALSE,,
267,377,forced march escapes,camp escapes,1.017694663,0.982612994,23,10,33,FALSE,,
268,249,United States armed forces,liberators,0.567152533,1.7631941,18,14,32,FALSE,,
269,481,gassings,mass murder awareness,0.645172136,1.549973945,19,13,32,FALSE,,
270,56,forced labor companies,camp forced labor,0.736247723,1.358238496,20,12,32,FALSE,,
271,420,forced march routes,forced marches,0.736247723,1.358238496,20,12,32,FALSE,,
272,339,transfer deaths,deaths,0.277547458,3.602987421,12,19,31,FALSE,,
273,378,forced march deaths,deaths,0.41286845,2.422078995,15,16,31,FALSE,,
274,555,transfer food acquisition,camp food acquisition,0.803576751,1.244436202,20,11,31,FALSE,,
275,211,forestry forced labor,camp forced labor,1.773791293,0.563764184,24,6,30,FALSE,,
276,382,transfer environmental conditions,camp living conditions,1.773791293,0.563764184,24,6,30,FALSE,,
277,512,camp construction forced labor,camp forced labor,0.231188659,4.325471698,10,19,29,FALSE,,
278,578,escape discussions,camp escapes,0.411147493,2.432217188,14,15,29,FALSE,,
279,375,deportation family interactions,family,1.699511519,0.588404367,23,6,29,FALSE,,
280,351,attitudes toward perpetrators,attitudes,0.722903053,1.383311353,18,11,29,FALSE,,
281,708,prisoner tattoo removal,tattoo,1.392396364,0.718186305,22,7,29,FALSE,,
282,180,hiding,camp hiding and evasion,1.162139265,0.860482069,21,8,29,FALSE,,
283,684,first impressions,camp first impressions,0.983120826,1.017168972,20,9,29,FALSE,,
284,102,rabbis,religious_observances,0.119515046,8.367147356,6,22,28,TRUE,,
285,496,criminal prisoners,camp population,0.208024422,4.807127883,9,19,28,FALSE,,
286,846,fear,psychological reactions,2.040419948,0.490095189,23,5,28,FALSE,,
287,688,forced march shoes,camp clothing,0.588483657,1.699282533,16,12,28,FALSE,,
288,648,child deaths,deaths,0.933760684,1.070938215,19,9,28,FALSE,,
289,596,camp prayers,religious_observances,1.106557377,0.903703704,20,8,28,FALSE,,
290,630,Russian prisoners,camp population,0.352258346,2.83882557,12,15,27,FALSE,,
291,546,hospitals,camp medical care,1.951279248,0.512484311,22,5,27,FALSE,,
292,513,camp site destruction forced labor,camp forced labor,0.642299827,1.556905292,16,11,27,FALSE,,
293,626,German prisoner functionaries,kapos,0.642299827,1.556905292,16,11,27,FALSE,,
294,381,forced march physical condition,physical condition,0.440855522,2.268316832,13,13,26,FALSE,,
295,527,property seizure,camp personal property seizure,1.476867031,0.677109028,20,6,26,FALSE,,
296,131,food sharing,camp food sharing,0.995466463,1.004554184,18,8,26,FALSE,,
297,245,forced labor squads,camp food sharing,0.247396969,4.042086707,9,16,25,FALSE,,
298,328,non-Jewish kapos,kapos,0.346063949,2.889639335,11,14,25,FALSE,,
299,161,liberation physical condition,physical condition,0.561766982,1.780097499,14,11,25,FALSE,,
300,384,transfer physical condition,physical condition,1.402717075,0.712902137,19,6,25,FALSE,,
301,128,Jewish dietary laws,religious_observances,1.402717075,0.712902137,19,6,25,FALSE,,
302,710,burnings,mass murder awareness,0.939957405,1.063877996,17,8,25,FALSE,,
303,842,resistance activities,camp resistance,0.314534974,3.179296682,10,14,24,FALSE,,
304,477,roundups,camp Appell,0.618249291,1.617470518,14,10,24,FALSE,,
305,317,railroad forced labor,camp forced labor,0.736535662,1.35770751,15,9,24,FALSE,,
306,490,shelter provision,aid giving,1.328599519,0.752672258,18,6,24,FALSE,,
307,369,literary recitals,camp cultural activities,0.884472592,1.130617284,16,8,24,FALSE,,
308,300,camp Jewish religious texts,religious_observances,1.074767522,0.930433773,17,7,24,FALSE,,
309,302,camp Jewish religious objects,religious_observances,0.155051081,6.449487434,6,17,23,TRUE,,
310,100,police and security forces,perpetrators,0.28301975,3.533322327,9,14,23,FALSE,,
311,356,forced march liberation,liberation,1.595105965,0.626917598,18,5,23,FALSE,,
312,450,food,food,1.011324993,0.988801826,16,7,23,FALSE,,
313,120,family life,family,1.011324993,0.988801826,16,7,23,FALSE,,
314,338,deportation sanitary conditions,camp living conditions,1.011324993,0.988801826,16,7,23,FALSE,,
315,553,transfer corpses,corpses,0.251518266,3.975854383,8,14,22,FALSE,,
316,112,escape attempts,camp escapes,0.304941461,3.279317932,9,13,22,FALSE,,
317,231,mass execution coverups,mass murder awareness,0.367320974,2.722414646,10,12,22,FALSE,,
318,475,forced march executions,killings,0.529696705,1.887872796,12,10,22,FALSE,,
319,385,transfer sanitary conditions,camp living conditions,0.529696705,1.887872796,12,10,22,FALSE,,
320,10,hunger,food,0.638052282,1.567269687,13,9,22,FALSE,,
321,303,temporary identity concealment,self-preservation acts,0.638052282,1.567269687,13,9,22,FALSE,,
322,651,transfer social relations,social bonds,1.506159895,0.663940132,17,5,22,FALSE,,
323,264,Romanian prisoners,camp population,1.506159895,0.663940132,17,5,22,FALSE,,
324,633,injuries (stills),camp diseases,0.773575639,1.292698413,14,8,22,FALSE,,
325,352,Holocaust testimony sharing willingness,testimony sharing,0.773575639,1.292698413,14,8,22,FALSE,,
326,34,camp commandants,perpetrators,1.180461527,0.847126295,16,6,22,FALSE,,
327,275,food acquisition,camp food acquisition,1.180461527,0.847126295,16,6,22,FALSE,,
328,705,male kapos,kapos,0.270999983,3.690037129,8,13,21,FALSE,,
329,298,Jewish prayers,religious_observances,0.33051679,3.025564902,9,12,21,FALSE,,
330,408,transfer thirst,food,0.718163466,1.392440646,13,8,21,FALSE,,
331,448,post-liberation deaths,deaths,0.718163466,1.392440646,13,8,21,FALSE,,
332,95,medical care,camp medical care,1.417252675,0.705590483,16,5,21,FALSE,,
333,463,brutal treatment,violence,0.88452303,1.130552813,14,7,21,FALSE,,
334,66,Shabbat,religious_observances,1.106441048,0.903798717,15,6,21,FALSE,,
335,494,escapee capture,camp escapes,1.106441048,0.903798717,15,6,21,FALSE,,
336,62,Gestapo personnel,perpetrators,0.237073302,4.218104668,7,13,20,FALSE,,
337,558,corpses,corpses,0.539654838,1.853036292,11,9,20,FALSE,,
338,511,German forced labor civilian supervisors,kapos,0.662775475,1.508806584,12,8,20,FALSE,,
339,199,ghetto procedures,ghetto experience,0.821163559,1.21778419,13,7,20,FALSE,,
340,341,typhoid fever,camp diseases,0.821163559,1.21778419,13,7,20,FALSE,,
341,484,liberation-related aid giving,aid giving,1.328384279,0.752794214,15,5,20,FALSE,,
342,19,dwarf prisoners,camp population,0.397012647,2.518811446,9,10,19,FALSE,,
343,583,employment assistance,aid giving,0.490488307,2.038784585,10,9,19,FALSE,,
344,471,killings,killings,0.607411649,1.646329966,11,8,19,FALSE,,
345,192,working life,camp forced labor,0.607411649,1.646329966,11,8,19,FALSE,,
346,340,transfer escapes,camp escapes,0.757831738,1.31955413,12,7,19,FALSE,,
347,404,deportation food,food,1.239554682,0.806741336,14,5,19,FALSE,,
348,422,humor,psychological reactions,1.239554682,0.806741336,14,5,19,FALSE,,
349,598,mass execution survival,mass murder awareness,0.958497017,1.043300065,13,6,19,FALSE,,
350,79,camp covert economic activities,camp covert activities,0.220200479,4.54131618,6,12,18,FALSE,,
351,155,deportation deaths,deaths,0.441343218,2.265810277,9,9,18,FALSE,,
352,418,deportation routes,deportation to camps,0.441343218,2.265810277,9,9,18,FALSE,,
353,277,food and eating,food,0.694527549,1.439827695,11,7,18,FALSE,,
354,406,thirst,food,0.694527549,1.439827695,11,7,18,FALSE,,
355,78,deportation procedures,deportation to camps,0.884573424,1.130488407,12,6,18,FALSE,,
356,20,"Eichmann, Adolf",perpetrators,1.150763859,0.868988014,13,5,18,FALSE,,
357,313,secretarial forced labor,camp forced labor,1.150763859,0.868988014,13,5,18,FALSE,,
358,510,Polish civilian laborers,camp population,0.308653008,3.239884189,7,10,17,FALSE,,
359,574,interrogations,violence,0.631250974,1.584155972,10,7,17,FALSE,,
360,67,Allied armed forces,liberators,0.810682083,1.233529174,11,6,17,FALSE,,
361,697,political prisoner kapos,kapos,0.200237671,4.994065282,5,11,16,FALSE,,
362,115,United States soldiers,liberators,0.343117311,2.91445511,7,9,16,FALSE,,
363,210,prisoner hair cutting forced labor,camp forced labor,0.736822973,1.357178096,10,6,16,FALSE,,
364,470,punishments,camp punishments,0.38619769,2.589347443,7,8,15,FALSE,,
365,7,grandfathers,family,0.504780591,1.981058736,8,7,15,FALSE,,
366,162,Ukrainian prisoners,camp population,0.662996075,1.508304555,9,6,15,FALSE,,
367,586,rescue,aid giving,0.884623773,1.130424063,10,5,15,FALSE,,
368,93,ghetto living conditions,ghetto experience,0.884623773,1.130424063,10,5,15,FALSE,,
369,4,Christmas,camp time awareness,0.589201366,1.69721263,8,6,14,FALSE,,
370,308,forced labor civilian supervisors,kapos,0.589201366,1.69721263,8,6,14,FALSE,,
371,334,camp malnutrition,camp diseases,0.795987789,1.256300679,9,5,14,FALSE,,
372,235,non-violent resistance,camp resistance,0.795987789,1.256300679,9,5,14,FALSE,,
373,44,resistance fighters,camp resistance,0.275735294,3.626666667,5,8,13,FALSE,,
374,640,clothing (stills),camp clothing,0.378420446,2.642563343,6,7,13,FALSE,,
375,1,German armed forces,perpetrators,0.515438826,1.940094439,7,6,13,FALSE,,
376,643,social relations,social bonds,0.707390451,1.41364645,8,5,13,FALSE,,
377,345,coerced sexual activities,camp sexual activities,0.707390451,1.41364645,8,5,13,FALSE,,
378,638,camp barracks (stills),camp living conditions,0.315281668,3.171767029,5,7,12,FALSE,,
379,780,aid giving activities,aid giving,0.441708433,2.263936852,6,6,12,FALSE,,
380,305,grandparents,family,0.441708433,2.263936852,6,6,12,FALSE,,
381,5,farms,camp forced labor,0.441708433,2.263936852,6,6,12,FALSE,,
382,465,transfer brutal treatment,violence,0.618831735,1.615948154,7,5,12,FALSE,,
383,748,forced labor personnel,kapos,0.368010167,2.717316231,5,6,11,FALSE,,
384,255,teeth extraction forced labor,camp forced labor,0.530311615,1.885683761,6,5,11,FALSE,,
385,743,famous Nazi medical personnel,"Mengele, Josef",0.530311615,1.885683761,6,5,11,FALSE,,
386,635,camp brothels,camp sexual activities,0.530311615,1.885683761,6,5,11,FALSE,,
387,653,rumors,camp rumors,0.530311615,1.885683761,6,5,11,FALSE,,
388,201,camp education,camp cultural activities,0.530311615,1.885683761,6,5,11,FALSE,,
389,53,ghetto liquidations,ghetto experience,0.441830065,2.263313609,5,5,10,FALSE,,
75,242,camp childbearing,camp childbearing,31.66647399,0.03157914,270,4,274,TRUE,4.57E-38,274
78,571,food additives,food additives,30.79564866,0.03247212,263,4,267,TRUE,6.32E-37,267
86,329,food additives,food additives,121.8731257,0.008205254,260,1,261,TRUE,4.96E-41,261
95,560,female kapos,kapos,24.53502167,0.040758065,212,4,216,TRUE,7.39E-29,216
118,388,German concentration camps (generic),,1.35865117,0.736024096,125,41,166,FALSE,0.10498359,166
142,327,female prisoner functionaries,kapos,25.60274431,0.039058313,113,2,115,TRUE,6.02E-16,115
144,534,"Grese, Irma",perpetrators,inf,0,113,0,113,TRUE,8.63E-19,113
151,197,female camp guards,kapos,11.63106634,0.08597664,103,4,107,TRUE,3.14E-12,107
173,667,Slovak prisoner functionaries,kapos,39.67517195,0.02520468,88,1,89,TRUE,3.72E-13,89
186,193,female camp personnel,kapos,36.46256092,0.027425391,81,1,82,TRUE,4.68E-12,82
212,307,interviewee photographs (stills),,0.488256055,2.048105683,30,27,57,FALSE,0.008822492,57
219,646,Czech prisoner functionaries,kapos,5.580308031,0.179201577,50,4,54,FALSE,7.46E-05,54
233,273,Slovak kapos,kapos,inf,0,47,0,47,TRUE,5.62E-08,47
242,401,interviewee memory,,1.552741228,0.644022315,35,10,45,FALSE,0.257664879,45
243,669,danger misconceptions,,0.727057278,1.375407455,28,17,45,FALSE,0.330577881,45
245,624,concentration camps (stills),,0.439755084,2.273993038,22,22,44,FALSE,0.007971742,44
248,647,childhood perceptions,,0.648732141,1.541468254,25,17,42,FALSE,0.180173085,42
249,652,Jewish persecution awareness,,0.717361567,1.393997178,26,16,42,FALSE,0.314894423,42
261,447,post-World War II photographs (stills),,0.376790786,2.65399271,18,21,39,FALSE,0.002690849,39
264,445,post-conflict return journeys,,1.477911647,0.676630435,30,9,39,FALSE,0.38438929,39
269,444,Nazi Jewish holiday exploitation,,0.393621669,2.540510544,17,19,36,FALSE,0.005960963,36
271,89,Jewish identity,,0.492389963,2.03091061,19,17,36,FALSE,0.044254886,36
275,121,Tisha be-Av,religious_observances,15.14755536,0.066017253,34,1,35,FALSE,6.26E-05,35
280,505,migration to countries,,0.662111937,1.51031864,21,14,35,FALSE,0.269493813,35
285,663,post-World War II family photographs (stills),,0.965135936,1.036123475,24,11,35,FALSE,1,35
289,671,eugenics policy awareness,,0.810226693,1.234222482,22,12,34,FALSE,0.577648446,34
295,745,soldiers,,0.567152533,1.7631941,18,14,32,FALSE,0.12403791,32
296,585,evasion,,0.645172136,1.549973945,19,13,32,FALSE,0.24902137,32
300,431,1940s photographs (stills),,0.736247723,1.358238496,20,12,32,FALSE,0.442616617,32
301,109,camp visitors,,1.131330806,0.883914762,23,9,32,FALSE,0.849299789,32
302,632,infanticide,deaths,inf,0,31,0,31,TRUE,1.57E-05,31
306,727,decisions,,1.273375984,0.78531401,23,8,31,FALSE,0.697073324,31
307,848,smell,,1.081905873,0.924294826,22,9,31,FALSE,1,31
308,234,revenge acts,,0.188025668,5.318422797,9,21,30,TRUE,1.02E-05,30
309,342,dysentery,,1.773791293,0.563764184,24,6,30,FALSE,0.238254794,30
313,668,civilian aid givers,aid giving,6.002298599,0.166602841,27,2,29,FALSE,0.003871432,29
327,530,camp betrayals,,0.551582969,1.812963879,15,12,27,FALSE,0.142447007,27
331,133,"Rumkowski, Chaim",,0.131597298,7.598940222,6,20,26,TRUE,1.51E-06,26
333,757,relationships,,0.602024613,1.661061655,15,11,26,FALSE,0.204980187,26
334,661,pre-World War II family photographs (stills),,0.602024613,1.661061655,15,11,26,FALSE,0.204980187,26
336,398,intergenerational genocide impact,,1.476867031,0.677109028,20,6,26,FALSE,0.524014959,26
340,524,physical hygiene maintenance,,5.108595801,0.195748507,23,2,25,FALSE,0.014720257,25
344,672,post-liberation visits to sites of persecution (stills),,0.939957405,1.063877996,17,8,25,FALSE,0.831684502,25
354,68,antisemitism,,0.404141216,2.474382619,11,12,23,FALSE,0.038527175,23
355,725,awareness,,0.573963335,1.742271569,13,10,23,FALSE,0.181545717,23
358,144,post-conflict family home returns,,1.011324993,0.988801826,16,7,23,FALSE,1,23
361,588,Roma kapos,kapos,0.02085536,47.94930417,1,21,22,TRUE,2.42E-10,22
365,272,Czech kapos,kapos,2.809586247,0.355924293,19,3,22,FALSE,0.104489961,22
368,135,photographs (stills),,0.529696705,1.887872796,12,10,22,FALSE,0.163148719,22
377,315,mining forced labor,camp forced labor,0.046157196,21.66509434,2,19,21,TRUE,1.77E-08,21
380,680,sexual assault fears,camp sexual activities,4.21645542,0.237166032,19,2,21,FALSE,0.033747877,21
381,759,protected groups,,2.661131746,0.375779967,18,3,21,FALSE,0.152574176,21
382,615,"Hirsch, Fredy",,0.588842825,1.698246047,12,9,21,FALSE,0.239611191,21
383,343,injuries,camp diseases,1.883628222,0.530890326,17,4,21,FALSE,0.344097014,21
391,499,frostbite,camp diseases,3.993663972,0.25039663,18,2,20,FALSE,0.050917518,20
394,184,migration experiences,,0.662775475,1.508806584,12,8,20,FALSE,0.343934552,20
395,549,aid recipients,aid giving,1.772439397,0.564194184,16,4,20,FALSE,0.465998211,20
398,436,1990s photographs (stills),,0.821163559,1.21778419,13,7,20,FALSE,0.635443407,20
400,689,Roma prisoner functionaries,kapos,0.051638683,19.36532738,2,17,19,TRUE,1.56E-07,19
401,274,Czechoslovak kapos,kapos,inf,0,19,0,19,FALSE,0.001707118,19
402,706,cigarette importance,,0.256956553,3.891708489,7,12,19,FALSE,0.004366681,19
403,295,camp abortions,killings,7.991260651,0.125136702,18,1,19,FALSE,0.012282552,19
405,383,transfer family interactions,family,3.770969856,0.265183769,17,2,19,FALSE,0.078042266,19
406,544,post-World War II documents and artifacts (stills),,0.490488307,2.038784585,10,9,19,FALSE,0.134881794,19
408,150,early personal aspirations,,2.364417267,0.422937192,16,3,19,FALSE,0.214361471,19
411,771,places (stills) ,,0.607411649,1.646329966,11,8,19,FALSE,0.319658133,19
412,65,Panstwowe Muzeum Auschwitz-Birkenau,,0.607411649,1.646329966,11,8,19,FALSE,0.319658133,19
413,728,psychological reactions,psychological reactions,1.661299127,0.601938558,15,4,19,FALSE,0.460569701,19
414,778,survival,survival explanations,1.661299127,0.601938558,15,4,19,FALSE,0.460569701,19
422,438,1940s documents and artifacts (stills),,0.552071974,1.811358025,10,8,18,FALSE,0.208392442,18
423,755,famous camp personnel,,2.216157205,0.451231527,15,3,18,FALSE,0.30498829,18
429,540,"Perl, Gisella",,inf,0,17,0,17,FALSE,0.002764223,17
431,271,Hungarian kapos,kapos,7.100240227,0.140840305,16,1,17,FALSE,0.031571006,17
432,700,commemoration,,0.392219558,2.549592391,8,9,17,FALSE,0.062643256,17
433,664,interviewee original works,,0.392219558,2.549592391,8,9,17,FALSE,0.062643256,17
434,702,forced march clothing,clothing,3.325873362,0.300672903,15,2,17,FALSE,0.115047256,17
435,92,living conditions,camp living conditions,3.325873362,0.300672903,15,2,17,FALSE,0.115047256,17
436,542,World War II-era photographs (stills),,0.496756433,2.013058985,9,8,17,FALSE,0.185431656,17
437,572,Belgian prisoners,camp population,2.067961871,0.48356791,14,3,17,FALSE,0.301599004,17
438,214,creative works,,0.631250974,1.584155972,10,7,17,FALSE,0.429055215,17
440,468,humiliation,camp humiliation,1.43916412,0.694847784,13,4,17,FALSE,0.60918813,17
441,35,LagerfÌ__hrer,perpetrators,1.43916412,0.694847784,13,4,17,FALSE,0.60918813,17
443,504,migration from countries,,1.062011783,0.941609139,12,5,17,FALSE,1,17
445,380,forced march family interactions,,6.655021834,0.150262467,15,1,16,FALSE,0.031285572,16
447,495,migration from Poland,,0.44146501,2.265185185,8,8,16,FALSE,0.106070761,16
448,357,survivor reunions,,0.568001994,1.760557201,9,7,16,FALSE,0.280906018,16
449,529,betrayals,,1.919831224,0.520879121,13,3,16,FALSE,0.418957461,16
450,606,weddings (stills),,0.736822973,1.357178096,10,6,16,FALSE,0.590151729,16
452,562,housing conditions,camp living conditions,1.328169321,0.752916051,12,4,16,FALSE,0.78888496,16
453,16,Yiddish (language),language skills,1.328169321,0.752916051,12,4,16,FALSE,0.78888496,16
454,364,writing,,0.973298429,1.027434104,11,5,16,FALSE,1,16
455,611,criminal prisoner functionaries,kapos,0.160155244,6.243941642,4,11,15,FALSE,0.000818547,15
456,32,"Zimetbaum, Mala",,inf,0,15,0,15,FALSE,0.008412048,15
457,563,Holocaust education,,0.294036464,3.400938735,6,9,15,FALSE,0.021697664,15
458,603,camp and prison artifacts (stills),,0.38619769,2.589347443,7,8,15,FALSE,0.087556958,15
460,278,camp begging,,2.88116543,0.347081771,13,2,15,FALSE,0.17183818,15
465,73,arts-related forced labor,camp forced labor,1.217222949,0.821542184,11,4,15,FALSE,1,15
466,451,physical condition,physical condition,1.217222949,0.821542184,11,4,15,FALSE,1,15
467,367,cultural activities,camp cultural activities,1.217222949,0.821542184,11,4,15,FALSE,1,15
468,416,games,,0.033823382,29.56534653,1,13,14,TRUE,2.08E-06,14
469,474,transfer killings,killings,0.176257896,5.673504696,4,10,14,FALSE,0.001990229,14
472,662,World War II family photographs (stills),,1.623763816,0.615853112,11,3,14,FALSE,0.571261331,14
473,732,propaganda,,1.623763816,0.615853112,11,3,14,FALSE,0.571261331,14
476,259,military service,,0.036660136,27.27758535,1,12,13,TRUE,6.33E-06,13
477,686,homosexual kapos,kapos,0.080042753,12.49332344,2,11,13,FALSE,8.98E-05,13
478,360,resistance discussions,camp resistance,0.195938914,5.103631423,4,9,13,FALSE,0.004725089,13
480,304,publications (stills),,0.378420446,2.642563343,6,7,13,FALSE,0.077883463,13
484,763,refugee camp experiences,,0.707390451,1.41364645,8,5,13,FALSE,0.553865565,13
486,849,physical sensations,,1.475826972,0.677586207,10,3,13,FALSE,0.765642039,13
487,26,prisoner medical personnel,camp medical care,0.99547536,1.004545206,9,4,13,FALSE,1,13
488,402,languages,language skills,0.99547536,1.004545206,9,4,13,FALSE,1,13
489,36,male homosexual prisoners,camp population,0.040012665,24.99208704,1,11,12,TRUE,1.92E-05,12
490,51,executions,killings,0.088090573,11.35195255,2,10,12,FALSE,0.000250111,12
491,217,black market activities,camp covert activities,0.146922184,6.806324111,3,9,12,FALSE,0.00199701,12
492,363,attitudes toward Poland and/or Poles,attitudes,0.220540187,4.534320988,4,8,12,FALSE,0.010910081,12
493,152,suicide attempts,suicides,inf,0,12,0,12,FALSE,0.023182216,12
498,637,clothing,clothing,2.214830971,0.451501723,10,2,12,FALSE,0.3653826,12
499,815,family photographs (stills) ,,2.214830971,0.451501723,10,2,12,FALSE,0.3653826,12
501,430,1930s photographs (stills),,1.327954645,0.753037767,9,3,12,FALSE,1,12
502,96,mothers,family,1.327954645,0.753037767,9,3,12,FALSE,1,12
503,734,famous writers and publishers,,0.252170395,3.965572557,4,7,11,FALSE,0.042089823,11
504,618,inter-prisoner behavioral conduct,,0.252170395,3.965572557,4,7,11,FALSE,0.042089823,11
506,12,childbearing,camp childbearing,4.431842966,0.225639764,10,1,11,FALSE,0.190029968,11
512,94,mass executions,mass murder,0.773921099,1.292121383,7,4,11,FALSE,0.745733312,11
513,85,hiding places,,0.773921099,1.292121383,7,4,11,FALSE,0.745733312,11
514,182,military,,0.773921099,1.292121383,7,4,11,FALSE,0.745733312,11
515,775,violent attacks,violence,0.773921099,1.292121383,7,4,11,FALSE,0.745733312,11
516,464,forced march brutal treatment,violence,0.773921099,1.292121383,7,4,11,FALSE,0.745733312,11
517,685,wartime family interactions,family,0.773921099,1.292121383,7,4,11,FALSE,0.745733312,11
518,779,personal preparations,,1.180146792,0.847352217,8,3,11,FALSE,1,11
519,766,people (stills) ,,1.180146792,0.847352217,8,3,11,FALSE,1,11
520,46,forced labor,camp forced labor,1.180146792,0.847352217,8,3,11,FALSE,1,11
521,730,post-conflict encounters,,1.180146792,0.847352217,8,3,11,FALSE,1,11
522,704,children,,1.180146792,0.847352217,8,3,11,FALSE,1,11
523,170,mass graves,corpses,0.110222077,9.072592593,2,8,10,FALSE,0.001854435,10
524,543,World War II documents and artifacts (stills),,0.18908661,5.28858177,3,7,10,FALSE,0.012025115,10
525,435,1980s photographs (stills),,0.18908661,5.28858177,3,7,10,FALSE,0.012025115,10
526,731,sexual activities,camp sexual activities,inf,0,10,0,10,FALSE,0.037594723,10
527,322,camp sterilization medical experiments,,0.294344006,3.397385298,4,6,10,FALSE,0.077916176,10
528,604,fine arts (stills),,0.294344006,3.397385298,4,6,10,FALSE,0.077916176,10
529,783,contact,,0.294344006,3.397385298,4,6,10,FALSE,0.077916176,10
531,86,memorials and museums,,0.441830065,2.263313609,5,5,10,FALSE,0.187452145,10
532,59,"Robota, Roza",,3.987788923,0.250765529,9,1,10,FALSE,0.300803678,10
533,845,social groups,camp population,0.663216387,1.507803516,6,4,10,FALSE,0.507297066,10
534,181,economics,,0.663216387,1.507803516,6,4,10,FALSE,0.507297066,10
535,105,restitution,,0.663216387,1.507803516,6,4,10,FALSE,0.507297066,10
536,487,escape assistance,camp escapes,1.771092217,0.564623338,8,2,10,FALSE,0.733258788,10
537,119,physical health,,1.771092217,0.564623338,8,2,10,FALSE,0.733258788,10
538,424,transfer to ghettos,ghetto experience,1.032403371,0.968613652,7,3,10,FALSE,1,10
539,601,environmental conditions,camp living conditions,1.032403371,0.968613652,7,3,10,FALSE,1,10
540,590,Jewish soldiers,,0.22070993,4.530833744,3,6,9,FALSE,0.028153696,9
541,741,famous aid givers,aid giving,inf,0,9,0,9,FALSE,0.065058457,9
542,746,medical personnel,camp medical care,inf,0,9,0,9,FALSE,0.065058457,9
543,320,air raid cleanup forced labor,camp forced labor,0.353387062,2.829758383,4,5,9,FALSE,0.144019314,9
544,253,documents and artifacts (stills),,0.353387062,2.829758383,4,5,9,FALSE,0.144019314,9
545,462,prison experiences,,3.543928494,0.282172736,8,1,9,FALSE,0.291228038,9
546,844,denial,,3.543928494,0.282172736,8,1,9,FALSE,0.291228038,9
547,509,civilian laborers,,0.552559913,1.809758502,5,4,9,FALSE,0.469892055,9
548,75,Christian clergy and monastics,,0.552559913,1.809758502,5,4,9,FALSE,0.469892055,9
549,541,translation forced labor,camp forced labor,1.549367916,0.645424492,7,2,9,FALSE,0.730683796,9
550,110,war crimes trials,,1.549367916,0.645424492,7,2,9,FALSE,0.730683796,9
551,781,covert movement,camp covert activities,0.884724341,1.130295567,6,3,9,FALSE,1,9
552,301,Jewish religious objects,religious_observances,0.06300143,15.87265548,1,7,8,FALSE,0.001485666,8
553,117,Jewish life,religious_observances,0.06300143,15.87265548,1,7,8,FALSE,0.001485666,8
554,248,medical experiments,medical experiments,0.264982578,3.773833005,3,5,8,FALSE,0.06324741,8
555,69,armed forces,,0.264982578,3.773833005,3,5,8,FALSE,0.06324741,8
556,116,anti-Jewish measures,,0.264982578,3.773833005,3,5,8,FALSE,0.06324741,8
557,765,burial sites (stills) ,corpses,0.264982578,3.773833005,3,5,8,FALSE,0.06324741,8
558,832,famous forced labor factory managers,perpetrators,inf,0,8,0,8,FALSE,0.116508696,8
559,760,Nazi organizations,perpetrators,0.441951645,2.262690981,4,4,8,FALSE,0.259633626,8
560,801,businesses,,3.100261552,0.322553431,7,1,8,FALSE,0.448439545,8
561,796,time awareness,camp time awareness,3.100261552,0.322553431,7,1,8,FALSE,0.448439545,8
562,721,Allied military operations,liberators,0.737109659,1.356650246,5,3,8,FALSE,0.707389911,8
563,777,killing techniques,killings,0.737109659,1.356650246,5,3,8,FALSE,0.707389911,8
564,576,forced march stealing,camp stealing,0.737109659,1.356650246,5,3,8,FALSE,0.707389911,8
565,15,stealing,camp stealing,1.327740248,0.753159363,6,2,8,FALSE,1,8
566,715,educators,,1.327740248,0.753159363,6,2,8,FALSE,1,8
567,634,Austrian kapos,kapos,0.17661659,5.661982249,2,5,7,FALSE,0.031627148,7
568,33,camp experiences,,inf,0,7,0,7,FALSE,0.108489174,7
569,811,post-conflict return visits,,0.331391551,3.017578446,3,4,7,FALSE,0.211671901,7
570,241,ghetto adaptation methods,,0.331391551,3.017578446,3,4,7,FALSE,0.211671901,7
571,600,identity concealment (aid giving),aid giving,0.331391551,3.017578446,3,4,7,FALSE,0.211671901,7
572,225,Ukrainian camp guards,kapos,0.331391551,3.017578446,3,4,7,FALSE,0.211671901,7
573,331,sanitary conditions,,0.589559283,1.696182266,4,3,7,FALSE,0.445078345,7
574,726,discussions,,0.589559283,1.696182266,4,3,7,FALSE,0.445078345,7
575,569,escape preparations,camp escapes,0.589559283,1.696182266,4,3,7,FALSE,0.445078345,7
576,517,malaria,camp diseases,0.589559283,1.696182266,4,3,7,FALSE,0.445078345,7
577,11,Passover,religious_observances,0.589559283,1.696182266,4,3,7,FALSE,0.445078345,7
578,58,post-conflict,,0.589559283,1.696182266,4,3,7,FALSE,0.445078345,7
579,744,family occupations,family,0.589559283,1.696182266,4,3,7,FALSE,0.445078345,7
580,370,barter,barter,0.589559283,1.696182266,4,3,7,FALSE,0.445078345,7
581,63,"""Mischlinge""",,2.656787971,0.376394357,6,1,7,FALSE,0.683436046,7
582,644,attitudes toward Allied and/or neutral nations,attitudes,2.656787971,0.376394357,6,1,7,FALSE,0.683436046,7
583,123,sexual assaults,camp sexual activities,2.656787971,0.376394357,6,1,7,FALSE,0.683436046,7
584,814,post-conflict recovery,,1.10620915,0.903988183,5,2,7,FALSE,1,7
585,561,British prisoners of war,camp population,0.088289073,11.32642998,1,5,6,FALSE,0.012092041,6
586,359,covert weapons procurement,camp covert activities,0.220879599,4.527353376,2,4,6,FALSE,0.075848317,6
587,747,Fascist organization members,perpetrators,inf,0,6,0,6,FALSE,0.186761443,6
588,266,menstruation,menstruation,inf,0,6,0,6,FALSE,0.186761443,6
589,612,political prisoner functionaries,kapos,0.442073171,2.262068966,3,3,6,FALSE,0.379098112,6
590,387,transfer from ghettos,transfer,0.442073171,2.262068966,3,3,6,FALSE,0.379098112,6
591,87,identification papers,,0.442073171,2.262068966,3,3,6,FALSE,0.379098112,6
592,770,objects (stills) ,,0.442073171,2.262068966,3,3,6,FALSE,0.379098112,6
593,584,Austrian prisoners,camp population,0.442073171,2.262068966,3,3,6,FALSE,0.379098112,6
594,795,discriminatory measures,,0.442073171,2.262068966,3,3,6,FALSE,0.379098112,6
595,82,ghetto food,food,2.213507625,0.451771654,5,1,6,FALSE,0.673851557,6
596,178,refugee experiences,,2.213507625,0.451771654,5,1,6,FALSE,0.673851557,6
597,260,migration policies,,0.884774559,1.130231413,4,2,6,FALSE,1,6
598,619,military operations,,0.884774559,1.130231413,4,2,6,FALSE,1,6
599,413,ships,,0.884774559,1.130231413,4,2,6,FALSE,1,6
600,707,shoes,clothing,0.11041576,9.056678167,1,4,5,FALSE,0.033344133,5
601,361,resistance groups,camp resistance,0.11041576,9.056678167,1,4,5,FALSE,0.033344133,5
602,29,Appell,camp Appell,0.294651281,3.393842365,2,3,5,FALSE,0.172016651,5
603,749,mistreatment and death,violence,0.294651281,3.393842365,2,3,5,FALSE,0.172016651,5
604,776,executions and killings,killings,0.294651281,3.393842365,2,3,5,FALSE,0.172016651,5
605,790,population categories,camp population,0.294651281,3.393842365,2,3,5,FALSE,0.172016651,5
606,627,collaborator treatment,,0.294651281,3.393842365,2,3,5,FALSE,0.172016651,5
607,252,funerals,,inf,0,5,0,5,FALSE,0.332055352,5
608,703,bystander responses,bystanders,0.663436411,1.507303463,3,2,5,FALSE,0.645655981,5
609,767,personal papers (stills) ,,0.663436411,1.507303463,3,2,5,FALSE,0.645655981,5
610,237,flight,,0.663436411,1.507303463,3,2,5,FALSE,0.645655981,5
611,393,Jewish religious beliefs,religious_observances,0.663436411,1.507303463,3,2,5,FALSE,0.645655981,5
612,764,reunions (stills) ,,0.663436411,1.507303463,3,2,5,FALSE,0.645655981,5
613,432,1950s photographs (stills),,1.770420388,0.564837598,4,1,5,FALSE,1,5
614,837,camp religious observances,religious_observances,1.770420388,0.564837598,4,1,5,FALSE,1,5
615,414,means of transport,transportation,1.770420388,0.564837598,4,1,5,FALSE,1,5
616,820,famous French politicians and diplomats,,1.770420388,0.564837598,4,1,5,FALSE,1,5
617,797,identity,,1.770420388,0.564837598,4,1,5,FALSE,1,5
618,394,Christian religious observances,religious_observances,1.770420388,0.564837598,4,1,5,FALSE,1,5
619,535,covert activities,camp covert activities,1.770420388,0.564837598,4,1,5,FALSE,1,5
620,143,displaced persons camps (generic),,1.770420388,0.564837598,4,1,5,FALSE,1,5
621,582,German civilian laborers,kapos,1.770420388,0.564837598,4,1,5,FALSE,1,5
622,711,deaths,deaths,1.770420388,0.564837598,4,1,5,FALSE,1,5
623,365,fine arts,,1.770420388,0.564837598,4,1,5,FALSE,1,5
624,347,captivity,camp escapes,1.770420388,0.564837598,4,1,5,FALSE,1,5
625,344,gay male sexual activities,camp sexual activities,0,inf,0,4,4,FALSE,0.008833448,4
626,428,1910s photographs (stills),,0.147293571,6.789162562,1,3,4,FALSE,0.08881314,4
627,508,forced labor battalion experiences,camp forced labor,0.147293571,6.789162562,1,3,4,FALSE,0.08881314,4
628,476,arrests,,0.147293571,6.789162562,1,3,4,FALSE,0.08881314,4
629,719,military units,,0.147293571,6.789162562,1,3,4,FALSE,0.08881314,4
630,446,resistance,camp resistance,0.147293571,6.789162562,1,3,4,FALSE,0.08881314,4
631,681,Jewish organizations,,0.147293571,6.789162562,1,3,4,FALSE,0.08881314,4
632,693,covert communications,camp covert activities,inf,0,4,0,4,FALSE,0.319720644,4
633,118,culture,camp cultural activities,inf,0,4,0,4,FALSE,0.319720644,4
634,54,refugees,,inf,0,4,0,4,FALSE,0.319720644,4
635,427,transfer from prisons,transfer,inf,0,4,0,4,FALSE,0.319720644,4
636,835,famous Jewish resistance fighters,,inf,0,4,0,4,FALSE,0.319720644,4
637,631,religious identity,religious_observances,0.442194644,2.261447563,2,2,4,FALSE,0.591084533,4
638,831,original works,,0.442194644,2.261447563,2,2,4,FALSE,0.591084533,4
639,60,suicides,suicides,1.327526132,0.75328084,3,1,4,FALSE,1,4
640,557,trial participants,,1.327526132,0.75328084,3,1,4,FALSE,1,4
641,550,Siemens (firm),,1.327526132,0.75328084,3,1,4,FALSE,1,4
642,306,marriages,family,1.327526132,0.75328084,3,1,4,FALSE,1,4
643,602,family homes (stills),family,1.327526132,0.75328084,3,1,4,FALSE,1,4
644,717,military personnel,,1.327526132,0.75328084,3,1,4,FALSE,1,4
645,111,Zionist organizations,,1.327526132,0.75328084,3,1,4,FALSE,1,4
646,417,vocational training,,0,inf,0,3,3,FALSE,0.028828371,3
647,392,displaced persons camp experiences,,0.221049195,4.523879862,1,2,3,FALSE,0.224495085,3
648,389,political activities,,0.221049195,4.523879862,1,2,3,FALSE,0.224495085,3
649,179,escapes,camp escapes,0.221049195,4.523879862,1,2,3,FALSE,0.224495085,3
650,695,trial procedures,,0.221049195,4.523879862,1,2,3,FALSE,0.224495085,3
651,768,religious sites (stills) ,religious_observances,0.221049195,4.523879862,1,2,3,FALSE,0.224495085,3
652,42,looting,,0.221049195,4.523879862,1,2,3,FALSE,0.224495085,3
653,90,Jewish religious texts,religious_observances,0.221049195,4.523879862,1,2,3,FALSE,0.224495085,3
654,738,famous Zionist leaders,,0.221049195,4.523879862,1,2,3,FALSE,0.224495085,3
655,101,professional training,,0.221049195,4.523879862,1,2,3,FALSE,0.224495085,3
656,88,infestations,camp living conditions,inf,0,3,0,3,FALSE,0.557631455,3
657,426,deportation to ghettos,,inf,0,3,0,3,FALSE,0.557631455,3
658,826,famous prisoner medical personnel,camp medical care,inf,0,3,0,3,FALSE,0.557631455,3
659,467,ghetto brutal treatment,violence,inf,0,3,0,3,FALSE,0.557631455,3
660,729,post-conflict relations,,inf,0,3,0,3,FALSE,0.557631455,3
661,802,famous Jewish religious leaders,,inf,0,3,0,3,FALSE,0.557631455,3
662,132,begging,,inf,0,3,0,3,FALSE,0.557631455,3
663,169,British armed forces,liberators,inf,0,3,0,3,FALSE,0.557631455,3
664,502,flight from countries,,inf,0,3,0,3,FALSE,0.557631455,3
665,503,flight to countries,,inf,0,3,0,3,FALSE,0.557631455,3
666,722,military occupation conditions,,inf,0,3,0,3,FALSE,0.557631455,3
667,807,releases,,inf,0,3,0,3,FALSE,0.557631455,3
668,772,activities (stills) ,,0.884824733,1.130167323,2,1,3,FALSE,1,3
669,49,ghetto deaths,deaths,0.884824733,1.130167323,2,1,3,FALSE,1,3
670,817,famous camp escapees,camp escapes,0.884824733,1.130167323,2,1,3,FALSE,1,3
671,526,ghetto personnel,,0.884824733,1.130167323,2,1,3,FALSE,1,3
672,567,ghetto inhabitant physical condition,physical condition,0.884824733,1.130167323,2,1,3,FALSE,1,3
673,221,schools,,0.884824733,1.130167323,2,1,3,FALSE,1,3
674,194,persecuted group insignia,,0.884824733,1.130167323,2,1,3,FALSE,1,3
675,716,movement,,0.884824733,1.130167323,2,1,3,FALSE,1,3
676,226,Jewish ritual leaders and functionaries,religious_observances,0.884824733,1.130167323,2,1,3,FALSE,1,3
677,690,media coverage,,0.884824733,1.130167323,2,1,3,FALSE,1,3
678,750,refugee camps (generic) ,,0.884824733,1.130167323,2,1,3,FALSE,1,3
679,532,Hasidic rebbes,religious_observances,0,inf,0,2,2,FALSE,0.094050609,2
680,0,Italian armed forces,perpetrators,0,inf,0,2,2,FALSE,0.094050609,2
681,592,deportation from countries,deportation to camps,0,inf,0,2,2,FALSE,0.094050609,2
682,188,bribery,camp covert activities,0,inf,0,2,2,FALSE,0.094050609,2
683,840,currency (stills) ,,0,inf,0,2,2,FALSE,0.094050609,2
684,187,I. G. Farben,,0,inf,0,2,2,FALSE,0.094050609,2
685,186,Hasidism,religious_observances,0,inf,0,2,2,FALSE,0.094050609,2
686,782,Christian sites,religious_observances,0,inf,0,2,2,FALSE,0.094050609,2
687,701,corpse disposal,corpses,0,inf,0,2,2,FALSE,0.094050609,2
688,798,political ideologies,,0,inf,0,2,2,FALSE,0.094050609,2
689,800,Jewish youth organizations,,0,inf,0,2,2,FALSE,0.094050609,2
690,723,deceptions,deceptions,0,inf,0,2,2,FALSE,0.094050609,2
691,812,post-conflict reunions,,0,inf,0,2,2,FALSE,0.094050609,2
692,804,famous Islamic religious leaders,religious_observances,0,inf,0,2,2,FALSE,0.094050609,2
693,620,Polish resistance groups,camp resistance,0,inf,0,2,2,FALSE,0.094050609,2
694,714,study,,0.442316064,2.260826772,1,1,2,FALSE,0.519407448,2
695,816,events (stills) ,,0.442316064,2.260826772,1,1,2,FALSE,0.519407448,2
696,103,religious beliefs,religious_observances,0.442316064,2.260826772,1,1,2,FALSE,0.519407448,2
697,454,prison procedures,,0.442316064,2.260826772,1,1,2,FALSE,0.519407448,2
698,254,communist regime everyday life,,0.442316064,2.260826772,1,1,2,FALSE,0.519407448,2
699,108,survivor organizations,,0.442316064,2.260826772,1,1,2,FALSE,0.519407448,2
700,810,Zionist youth organizations,,0.442316064,2.260826772,1,1,2,FALSE,0.519407448,2
701,429,1920s photographs (stills),,0.442316064,2.260826772,1,1,2,FALSE,0.519407448,2
702,670,correspondence (stills),,0.442316064,2.260826772,1,1,2,FALSE,0.519407448,2
703,452,prison brutal treatment,violence,0.442316064,2.260826772,1,1,2,FALSE,0.519407448,2
704,827,famous Jewish ghetto police,,0.442316064,2.260826772,1,1,2,FALSE,0.519407448,2
705,733,political police,,0.442316064,2.260826772,1,1,2,FALSE,0.519407448,2
706,537,ghetto covert activities,camp covert activities,0.442316064,2.260826772,1,1,2,FALSE,0.519407448,2
707,189,discrimination responses,,0.442316064,2.260826772,1,1,2,FALSE,0.519407448,2
708,127,Zionism,,0.442316064,2.260826772,1,1,2,FALSE,0.519407448,2
709,441,1970s documents and artifacts (stills),,0.442316064,2.260826772,1,1,2,FALSE,0.519407448,2
710,443,1990s documents and artifacts (stills),,0.442316064,2.260826772,1,1,2,FALSE,0.519407448,2
711,824,famous Czech politicians and diplomats,,0.442316064,2.260826772,1,1,2,FALSE,0.519407448,2
712,622,Jewish resistance groups,camp resistance,0.442316064,2.260826772,1,1,2,FALSE,0.519407448,2
713,756,miscellaneous famous people,,inf,0,2,0,2,FALSE,1,2
714,769,religious objects (stills) ,religious_observances,inf,0,2,0,2,FALSE,1,2
715,758,rescue transports,,inf,0,2,0,2,FALSE,1,2
716,829,refugee nationals,,inf,0,2,0,2,FALSE,1,2
717,838,ghetto religious observances,religious_observances,inf,0,2,0,2,FALSE,1,2
718,850,Jews,,inf,0,2,0,2,FALSE,1,2
719,216,smuggling,camp covert activities,inf,0,2,0,2,FALSE,1,2
720,580,discrimination,,inf,0,2,0,2,FALSE,1,2
721,735,famous musicians and composers,,inf,0,2,0,2,FALSE,1,2
722,507,flight attempts,camp escapes,inf,0,2,0,2,FALSE,1,2
723,677,Jewish religious observances (stills),religious_observances,0,inf,0,1,1,FALSE,0.306729028,1
724,762,paramilitary organizations,,0,inf,0,1,1,FALSE,0.306729028,1
725,617,forced labor squads (stills),camp forced labor,0,inf,0,1,1,FALSE,0.306729028,1
726,774,moving image footage,,0,inf,0,1,1,FALSE,0.306729028,1
727,570,Christian religious holidays,religious_observances,0,inf,0,1,1,FALSE,0.306729028,1
728,787,religions,religious_observances,0,inf,0,1,1,FALSE,0.306729028,1
729,694,military uniforms,,0,inf,0,1,1,FALSE,0.306729028,1
730,843,reflections,,0,inf,0,1,1,FALSE,0.306729028,1
731,791,famous ghetto personnel,,0,inf,0,1,1,FALSE,0.306729028,1
732,433,1960s photographs (stills),,0,inf,0,1,1,FALSE,0.306729028,1
733,821,famous Polish politicians and diplomats,,0,inf,0,1,1,FALSE,0.306729028,1
734,794,protection,,0,inf,0,1,1,FALSE,0.306729028,1
735,434,1970s photographs (stills),,0,inf,0,1,1,FALSE,0.306729028,1
736,737,famous collaborators,,0,inf,0,1,1,FALSE,0.306729028,1
737,828,captives,camp escapes,0,inf,0,1,1,FALSE,0.306729028,1
738,823,famous Israeli politicians and diplomats,,0,inf,0,1,1,FALSE,0.306729028,1
739,682,aid organizations,,0,inf,0,1,1,FALSE,0.306729028,1
740,809,scouting organizations,,0,inf,0,1,1,FALSE,0.306729028,1
741,625,Nuremberg Trials (Germany)(generic),,0,inf,0,1,1,FALSE,0.306729028,1
742,674,Roma life,,0,inf,0,1,1,FALSE,0.306729028,1
743,675,ghettos (stills),,0,inf,0,1,1,FALSE,0.306729028,1
744,792,famous United States military personnel,,0,inf,0,1,1,FALSE,0.306729028,1
745,453,prison guards,perpetrators,0,inf,0,1,1,FALSE,0.306729028,1
746,854,motivations,,0,inf,0,1,1,FALSE,0.306729028,1
747,41,Armia Krajowa,,0,inf,0,1,1,FALSE,0.306729028,1
748,256,covert economic activities,camp covert activities,0,inf,0,1,1,FALSE,0.306729028,1
749,239,ghetto guards,perpetrators,0,inf,0,1,1,FALSE,0.306729028,1
750,183,French armed forces,perpetrators,0,inf,0,1,1,FALSE,0.306729028,1
751,113,Jewish education,,0,inf,0,1,1,FALSE,0.306729028,1
752,244,prisoner of war camps (generic),,0,inf,0,1,1,FALSE,0.306729028,1
753,52,JudenrÌ__te,,0,inf,0,1,1,FALSE,0.306729028,1
754,458,prison living conditions,,inf,0,1,0,1,FALSE,1,1
755,752,famous child care-givers,,inf,0,1,0,1,FALSE,1,1
756,853,quarantine,camp ,inf,0,1,0,1,FALSE,1,1
757,833,famous German Nazi politicians and diplomats,,inf,0,1,0,1,FALSE,1,1
758,847,guilt,,inf,0,1,0,1,FALSE,1,1
759,818,famous Gestapo personnel,,inf,0,1,0,1,FALSE,1,1
760,789,religious converts,,inf,0,1,0,1,FALSE,1,1
761,751,communities,,inf,0,1,0,1,FALSE,1,1
762,391,nationalist political parties,,inf,0,1,0,1,FALSE,1,1
763,442,1980s documents and artifacts (stills),,inf,0,1,0,1,FALSE,1,1
764,806,corpse cremations,,inf,0,1,0,1,FALSE,1,1
765,439,1950s documents and artifacts (stills),,inf,0,1,0,1,FALSE,1,1
766,813,post-conflict searches,,inf,0,1,0,1,FALSE,1,1
767,437,1930s documents and artifacts (stills),,inf,0,1,0,1,FALSE,1,1
768,803,famous Christian religious leaders,,inf,0,1,0,1,FALSE,1,1
769,390,fascist political parties,,inf,0,1,0,1,FALSE,1,1
770,250,religion and philosophy,,inf,0,1,0,1,FALSE,1,1
771,636,organizations (stills),,inf,0,1,0,1,FALSE,1,1
772,552,ghetto corpses,,inf,0,1,0,1,FALSE,1,1
773,649,judicial proceedings,,inf,0,1,0,1,FALSE,1,1
774,536,prison covert activities,,inf,0,1,0,1,FALSE,1,1
775,659,Czech resistance groups,,inf,0,1,0,1,FALSE,1,1
776,330,ghetto diseases,,inf,0,1,0,1,FALSE,1,1
777,623,ghetto prayers,,inf,0,1,0,1,FALSE,1,1
778,220,education,,inf,0,1,0,1,FALSE,1,1
779,589,deportation to cities,,inf,0,1,0,1,FALSE,1,1
780,608,civil defense,,inf,0,1,0,1,FALSE,1,1
781,233,Soviet concentration camps (generic),,inf,0,1,0,1,FALSE,1,1
782,195,ghetto medical care,,inf,0,1,0,1,FALSE,1,1
783,616,deportation from regions,,inf,0,1,0,1,FALSE,1,1
784,191,sports organizations,,inf,0,1,0,1,FALSE,1,1
785,348,prisons,,inf,0,1,0,1,FALSE,1,1
786,493,transfer to prisons,,inf,0,1,0,1,FALSE,1,1
787,736,"famous film, theater, television, and radio personnel",,inf,0,1,0,1,FALSE,1,1
788,91,Jewish schools,,inf,0,1,0,1,FALSE,1,1
789,515,Judaism,,inf,0,1,0,1,FALSE,1,1
790,673,anti-Roma prejudice,,inf,0,1,0,1,FALSE,1,1
791,126,ghetto executions,,inf,0,1,0,1,FALSE,1,1
792,687,government officials,,inf,0,1,0,1,FALSE,1,1
793,691,eugenics measures,,inf,0,1,0,1,FALSE,1,1
794,114,prayers,,inf,0,1,0,1,FALSE,1,1
795,696,Jehovah's Witness religious observances,,inf,0,1,0,1,FALSE,1,1